,user_id,lgb_recommendations
0,1,[1082185 1074612 8293439 9297615  856942]
1,2,[ 838136 1106523 1133018  857849 5569230]
2,3,[9527487 1106523 9527158 6463658 7167249]
3,6,[1082185 1015296  895268 1119051  840361]
4,7,[1082185 1064441 1003188 1106523 1022003]
5,8,[5569230  849843 1133018 1043590  862349]
6,9,[1039126 9297474  962568 1106523 1070820]
7,10,[ 883003 1106523 1082185 1055646  914190]
8,13,[1082185 9859052 1029743 1058997 1043751]
9,14,[1029743  981760  951590  840601  995242]
10,15,[ 968215 1082185 1098248  995242 6602697]
11,16,[ 1035843  1082185 12263788   914190  6034857]
12,18,[1082185  981760 1116821  840361 1053628]
13,19,[  962229  1070015 13189726   844165   939900]
14,20,[1075368 1058997 1126899 1016709  823758]
15,21,[1106523 1029743  995242 1082185  914190]
16,22,[1082185  944836  825749  904360  827656]
17,23,[1075368  996425  849202 1034176 1004436]
18,24,[ 935993  844165 1106523 1092026 1133018]
19,25,[1029743 1106523 1082185 1133018  995242]
20,26,[ 907014 1082185  849843 1133018 1040700]
21,27,[1102416 7409957 1058709 1101589 1029252]
22,28,[ 926646  903567  913785  940947 1017195]
23,29,[1029743 1033615 1053690 1015375 1082185]
24,30,[6534480 1082185  981760  914190  840361]
25,31,[1040807  819978 1082185 1105034 1123556]
26,32,[1082185 1058997  995785  862349  908846]
27,33,[ 1106523   986912  1133018 10351524  1029743]
28,34,[1029743 1123792 1092026  981760  883404]
29,35,[1029743 1058997 5569230 1082185 1048462]
30,36,[1029743  865705  995242 1115576  962229]
31,37,[ 844165 1092026  916990 1097001 1067695]
32,39,[ 923746  995785 1126899 1077373  933303]
33,40,[ 995242 6034857  903325 1112205  840361]
34,41,[ 1082185   865705 12810393  1120009   909714]
35,42,[1082185  951094 5995177  829621 6602697]
36,43,[1029743 1120741 1072523  962118  863447]
37,46,[1029743  995242  834631  923746 1121360]
38,47,[995242 907631 904813 891961 820165]
39,49,[1069268  935200 1033846  900770  990256]
40,50,[1082185  908531 1088835 1106523  995242]
41,51,[ 995242  880427 1065593 1082185 1029743]
42,52,[1082185 1106523  995785 1133018 1060408]
43,53,[1087102 1031083 1055646 1082185 1041928]
44,55,[ 844165  849843 1082185  990797  988791]
45,56,[1082185 1068651  834484 1133018 9803545]
46,57,[ 931108  947147 1082185  866227  861615]
47,58,[ 1135476  1139782 13071902   995785  1098844]
48,59,[1133018  883404  849843 1082185 1106523]
49,62,[1082185 1055646  914190  840361 1068719]
50,63,[10285106  1082185   925862 10344586  1055646]
51,64,[ 949023 1089392 1013928 1065593 1082185]
52,65,[ 962229 1070820 1029743 1082185  849843]
53,67,[1029743  965530 1139782  914190  952317]
54,68,[1085604  883404  844165  879755 1065593]
55,69,[ 948832  824555 1053763 1037631  906335]
56,70,[1039156  894236  981760  995242 1130375]
57,71,[1056509  995242  908531 1029743  951590]
58,72,[1070820 6548453  914190  991874 1077643]
59,75,[1082185 1055646  914190  840361 1068719]
60,77,[1106523 1126899 1077430 6979128 1003188]
61,78,[ 968932 1082185 9420312 9573206  849843]
62,79,[1082185 1029743  883932 5569230 1070820]
63,80,[ 844179 1082185  833025 1029743  995242]
64,81,[ 849843  844165 1093413  882830  971922]
65,82,[1084036  847573  863447 1037337 1055504]
66,83,[ 850990  900802 1082185  848319  923746]
67,84,[1080414 1082185 1043590 1074172  995242]
68,85,[1082185 1005861  839753  859075  995242]
69,86,[ 951590  865026 1082185 1135834 9707240]
70,87,[13381584   881883  1048257  8293385   900802]
71,88,[  962229  1075368   927191  1051211 13842088]
72,90,[ 986912  914077  955012  862535 1135552]
73,91,[1082185 1029743  985716  854483 1109014]
74,92,[1126899  995785 1082185  860776  923746]
75,94,[1082185  999250  861272  961979 1055646]
76,95,[ 1029743   995242   849843   908531 10285144]
77,97,[ 995242 1075368  833025  917438  914190]
78,98,[1091858  847241 9526254 1077975 5568378]
79,99,[ 849843 9705473  916487 6034857 1085604]
80,100,[1029743  916122  897125 1082185  908531]
81,101,[ 866227 1106523 1079820 5569845  951590]
82,103,[1106523  839147 1092026 1029743 1133018]
83,104,[5569230  978913  840361  821730  914484]
84,105,[ 907014  969836  845774 1000908  968687]
85,106,[5569230  981760 1138487  995785  993466]
86,107,[ 916122 1133018 1138443 1075368 1106523]
87,109,[ 1082185 12731436  1046756   832001  1058997]
88,110,[ 995785 1044599  849843 1135476 1133018]
89,111,[ 943513 1082185 1133018 1106523  863447]
90,112,[ 933835 1039156  894236  958700  830887]
91,113,[ 976199 1119112  947427 1070820 1018339]
92,114,[ 917438 1070820 1029743 1082185  916122]
93,115,[ 1106523  1082185  1055646 12188045   981760]
94,116,[1013703 1019637 1133018 1014732 5569230]
95,117,[1082185  934639 1077373  951590  867188]
96,118,[ 1082185 13381584   995785   943858  1081421]
97,119,[ 869728  981760 1082185 1081189  908846]
98,121,[1029743  995242  847982  951590  849843]
99,122,[ 995242 5569230 1133018 1085604  920308]
100,123,[ 1029743 13506200  1082185  1126899   840361]
101,124,[ 957063 1133018  883404  951590  904813]
102,125,[1029743  844165  849843  999104 1061220]
103,126,[ 995242 1004906  981760 1092026 1082185]
104,127,[ 1082185   995242  1029743 13842214  1106523]
105,128,[1082185 1015296  883963 1098248 1029743]
106,131,[ 923746  881883  981944 1055646  857638]
107,132,[ 870428 1060673  943858 1126899 1082185]
108,133,[1082185 1029743  995242  976199  923746]
109,134,[  819255   909349   825650   935570 13841744]
110,135,[861272 862349 883202 908531 866227]
111,136,[ 961554 1130858  900185 1106523 1119060]
112,138,[1082185  979707 1029743 1098844 6034857]
113,139,[1082185 1005898 1058997  862349 1126899]
114,140,[1037840  883186  986912  844165 1092026]
115,141,[ 848356  997309 1132280 1055646  914190]
116,142,[13877192  1082212  1013826   995242   997011]
117,143,[ 844165 1133018 1020156 5569230  962229]
118,146,[1082185  995242 1029743  883404 1055646]
119,151,[1126899 1082185  995242  916122 1028473]
120,153,[ 897954 8011285 8011282 8011397 5582789]
121,156,[ 964977 1083254  989101  849843  908531]
122,157,[ 962229  981760  923746 1082185  989101]
123,158,[ 862349 1070820 1128240  995242 1082185]
124,159,[1082185  923746  849843  846823 1004906]
125,160,[ 883003 1087102 1101010  933835 1135834]
126,161,[ 957063 1123792  897306  953476 1075368]
127,162,[1055646 1076056  989275 1029743  964521]
128,164,[1029743  840361  849843  883404 1092026]
129,166,[ 880888 1075368 1106523 1029743  933835]
130,167,[5569230  995242  878996 5569792 1082185]
131,168,[1082185 1106523 1029743  866227  845208]
132,169,[1107553 1075368 1082185  938187  863802]
133,171,[1029743  995785 1003188  930917  892008]
134,172,[5569230 1053690  823704  849843  829722]
135,174,[1106523  883404 1133018  995785  866211]
136,178,[ 963686  956902  967461 1040807 1106523]
137,183,[1106523 1082185  878996  883404  989101]
138,184,[ 1082185   824005   913270 13945244   981760]
139,185,[1029743  883404 5569230  923746  844179]
140,187,[ 951590  834484 1103808 1055646  995502]
141,188,[ 834833 1033615 1106523 1026346  985119]
142,190,[1029743  995242  951590  995785  834484]
143,191,[ 914190  994928  862349 1082185  965766]
144,192,[1029743 1082185 5569230  995242  999639]
145,193,[1106523 1029743  901656  951590  840361]
146,194,[1082185 1051468  961554  845208 1106523]
147,195,[12811532  1062128  1082185  1029743   995242]
148,196,[1067011  962229 1092026  929726 1000753]
149,197,[1082185 9526770  917438  838186 1126899]
150,198,[1118946  899624 1043590 1065593  835098]
151,199,[ 859237  863447  997096  995242 1081189]
152,200,[ 920724 1138189 1031083 1037894  997096]
153,201,[ 838186 5568378 5569327 5568721 6034857]
154,202,[1029743  934369 5569230 1106523 1082185]
155,203,[1070820  849843  995242  901776 5569471]
156,204,[ 923670  923746 1070820 1082185  840361]
157,205,[1082185 1110409 6602327 1051516 1072523]
158,208,[ 919534  951590 1082185  865456  885290]
159,209,[1082185 1126899  849843  883404 1029743]
160,210,[ 1082185   844165 12811532  1106523   844179]
161,211,[ 962229 1082185  907466 1133018  945662]
162,212,[1082185 1044078 1055646  995242 1070820]
163,213,[1082185 1038217  962568 1055646  914190]
164,214,[1082185  901062  972569  999104  899446]
165,215,[12810393  5587133   995242   895540   985999]
166,216,[ 866227 6533936  895540 1085447 1082185]
167,217,[1082185  986912  995785  995242  820361]
168,218,[13842088  1082185  1029743   962568   860776]
169,219,[ 981760 1127831 1024306 1135476 5568228]
170,220,[1029743  995242 1082185  923746 1055646]
171,221,[1082185 1133018 1106523 1130452 1040807]
172,222,[1082185  878996 1114050 1058997 1126899]
173,224,[1074509  991592  995242  913278 1106523]
174,225,[1029743  834484 1133018  914190  995242]
175,226,[ 995242  866211 1029743  979746 1082185]
176,227,[ 852317 1116578  919644  845193 6396581]
177,228,[1095275 1058997 1082185  866227 1139782]
178,230,[1029743  883404 1124695 1021116 1085604]
179,232,[ 913210 1072693  997200  906502  950098]
180,233,[ 1122568  1029743   995242  1055283 12384365]
181,235,[1070820  862349  908531  976199  983584]
182,236,[ 995242 1126899  951590  987562  859010]
183,239,[1133018  857849  937292 1072523 1044078]
184,240,[1106523 1082185  883404 1022428  926905]
185,241,[ 5569845  1082185   863447  1021324 12301109]
186,242,[1082185 1029743 1106523 9802666 1055646]
187,243,[1082185  901062 1137688  961554 1041259]
188,244,[13115493  1135768  1082185  5995503 13115903]
189,245,[1044078  845208 1133018  995242 1082185]
190,246,[1082185  951590  849843 1044078 1062782]
191,247,[1082185  905636 1000753  986912 1133018]
192,248,[1126899 9884484 1106523 9881593  995242]
193,249,[ 916122 1029743 1044078  995242  883404]
194,250,[  951590   976214 12301109  1008032   923169]
195,251,[ 916122  965693 1029743 1040807  995242]
196,252,[1082185  844165 1055646  914190  840361]
197,253,[ 1062966  5568378   844165 12731544   845193]
198,254,[ 859237 1082185  862535 1054424 1106523]
199,256,[ 862349 1075368 1079228  934369 1099905]
200,257,[1093413 1106523  911622  857849 1070015]
201,258,[1048257 1082185 1123792 1044078 1070820]
202,259,[  940947  1082185  5574409   943169 13506200]
203,260,[ 962229  862349  834484 5568378 1082185]
204,262,[1082185 1058997  981760  914190 1040807]
205,263,[1029743  995242 1051810  940947  982833]
206,264,[1082185  953134 1011832  938203  957232]
207,265,[1082185 1058997 1106523 1055646  914190]
208,266,[1082185  922318  900072  902856 1011645]
209,267,[ 935393  908213 1106523  844165 1082185]
210,268,[ 995242 1058997  840361 1082185 1029743]
211,269,[1139782  962229 1130858 1037337  863447]
212,270,[1135681 5569230  986912 1058997 1053690]
213,271,[1126899 1058997  908531 1037894  921504]
214,273,[ 1053763 12301109  1029743  1106523  1133018]
215,274,[ 883404 1082185  925258  834103 1055646]
216,275,[ 918638 1082185 1133018 1106523  849843]
217,276,[1102949 1037840  951590  835300 1075368]
218,278,[9833277  861272  995242  844165  995785]
219,280,[ 907014  916122 9416729 1106523 9333734]
220,281,[1082185  862349 1070820  995785  840361]
221,282,[ 909129 1082185  957736 1110057 1013999]
222,283,[1082185  940947  849843  840361  838487]
223,284,[1082185 1055646  914190  840361 1074612]
224,285,[1082185  923746  907014  878739 1029743]
225,286,[1082185  997309  845208 1055646 1022254]
226,287,[ 883404 1082185 1106523 1029743 1070015]
227,288,[1082185  951590 1055646 1070820  862349]
228,289,[ 1082185 13071902  1022254   903325   981760]
229,290,[ 995242  923746 1077588  962229  995230]
230,291,[ 911311 1043590  907014 1058779  974306]
231,292,[1106523 1133018  951590  995242 5569230]
232,294,[1106523 1133018  908531  919644  995785]
233,297,[ 1029743   844179 12648296  1089025  1082185]
234,300,[ 1106523  1118533 12302069  9655212   962229]
235,301,[1082185  995242  819978 1015474  874972]
236,302,[1102959  914190 1124729 1045220  859075]
237,303,[1029743 5569230  995242 1040807 1101010]
238,304,[  873627  1084331 13007284  5585510   933067]
239,305,[ 827802 1029743  914190  844165  849843]
240,306,[ 923746  883404  961554  840361 1101010]
241,307,[1019637 1074040  869195 1057777 1039156]
242,308,[ 900586  995785 5569230  862010 1110572]
243,311,[1029743 5584027 1106523 5590287 5588666]
244,312,[1082185  961554  844179  819927  916122]
245,314,[ 844179 1130858 1082185 1107089  820560]
246,316,[1050131  995785 1044078  849843  844179]
247,317,[9859111 1082185 1102003  902396  849870]
248,318,[5569230 1106523  914190 1076056 1133018]
249,321,[1082185  905436 1058997  986912  923746]
250,322,[1058997  862349  995242 1070820 1082185]
251,323,[1126899 1082185  956486 1055646  914190]
252,324,[1082185 1026258  858439 1027372  903325]
253,325,[ 927011 5569471  884333 5569230 1053690]
254,326,[1037840 1013928 8090521 8090537 1110572]
255,327,[1055646  883404  914190 1107289  840361]
256,328,[ 937292 1028816 1046756 1112205  930666]
257,329,[1082185 1029743  995242  979707 1095275]
258,330,[ 995242  895540 1082185 1074040 1083721]
259,331,[1082185  995242  896085 1106523 1029743]
260,332,[ 1058997  1065593  1070820   862349 13842090]
261,333,[1082185  883404 1106523  940947  903325]
262,334,[1082185 9859052 1092945  826144 9337581]
263,338,[1082185 1007195 1029743  855672 1037863]
264,339,[1082185 1106523 1133018  957741  857849]
265,342,[1029743  951526  835576 1050131 1082185]
266,343,[903325 956902 864279 872137 897752]
267,345,[ 976199  857849 6602697 1048483  999971]
268,346,[1082185 1029743 1101010 1037863  867607]
269,347,[1110409 1029743 1055646  996009 5569471]
270,348,[ 833025 1130777  857849 1043590 1029743]
271,349,[1082185  824305  907099 1029743 5569471]
272,350,[ 885863  883003 1055646 1022003 1087102]
273,351,[ 1106523  1133018 13842214 13842090  1082185]
274,353,[1082185  866211  908846  979707 1134810]
275,354,[ 866292 1041796 1127328 5586642 1085604]
276,356,[1049735 1113588  834117  849843  882441]
277,357,[ 849843 1126899  923746  840361  880150]
278,358,[1106523 5569230 1055646  854852 1022872]
279,360,[1079228 1082185  995242  911088 5568378]
280,361,[ 962229 1044078  826249  865456 1068292]
281,362,[12731714   866227  1082185   923746  1077373]
282,364,[1082185  883404 1106523  849843 1092026]
283,365,[1062128 1082185 1136719 1132771  981760]
284,366,[12810422  1133018  1116460   883404   886803]
285,367,[1082185 1070820  995242  862349 1013389]
286,369,[1082185 1126899 1029743 1106523  849843]
287,371,[1033846  908846  971949 6034857 1003188]
288,373,[10285243  1133018  1082185   986912  1055646]
289,374,[1029743 1082185  923746 1133018  981760]
290,375,[6464165 1132280  914190  880895 1041796]
291,376,[ 937292  930666 1133018  849843  819308]
292,377,[1029743 1082185  995242 1126899 1044078]
293,378,[1082185  913785  916122  944534  874972]
294,380,[1106523  923746 1055646 5569230 1133018]
295,381,[1075368  859075  883404 1029743 1055646]
296,382,[1082185 1029743  908531  999250  991268]
297,383,[1082185 1126899 1058997  944836 1041259]
298,384,[1075368  869868 1061394 7138817 1082185]
299,385,[1082185  933835 6034857  962568  995785]
300,386,[ 849843 1092026 1095275 1068651  911470]
301,387,[10455984   970747   990762   851819  1126899]
302,388,[ 1116794 10285144   995242  1029743  1082185]
303,389,[1126899 1058997  832678  837107  921836]
304,390,[5569230 1029743 1094955 1082185  951590]
305,392,[1082185  916122  993028 1121384 1028473]
306,393,[1029743  995242  883404 1013928 1065593]
307,394,[1137775 1082185 9677949 1106523 1029743]
308,395,[1048462 1070820 5569230 1082185 1093030]
309,396,[1126899  981760 1135460  909714 1114604]
310,397,[1058997 1029743 1082185  995242 1126899]
311,398,[1022097 1027569  852856 1055646  914190]
312,400,[1055646 1037840 1031316  999971 5567702]
313,401,[ 907014 1124729 1082185 1068292 1022872]
314,402,[  819978 13842214 13842090  1106523  5591520]
315,404,[1092588 1082185  990256  995242  840361]
316,405,[ 962229 1039156 1077143  916122 1101010]
317,406,[1110409 1082185 1029743 1133018 1126899]
318,407,[ 1029743  1037840 13511457   965821   983584]
319,409,[1082185  977854  890612 1090017  873527]
320,410,[ 948650  823758 1044078  866227 1082185]
321,411,[ 825994 1106523 1029743  903325 1082185]
322,412,[ 986912 1082185 1095275  995242 1133018]
323,413,[ 1082185  1106523 12731544   986912  5569230]
324,414,[ 995242 1029743  940947 1077143  849843]
325,415,[ 864893 1082185 1055646  914190  840361]
326,417,[1082185 1127831 1029743 1135476  844179]
327,418,[1082185 1029743  995242 1022340  840361]
328,420,[1133018 1029743 1082185  883404  900072]
329,421,[ 923746 1126899 1058997 1070820  849843]
330,425,[1106523  883404  849843  840361  923746]
331,426,[1082185  972665 1110409  862349 1070820]
332,427,[1029743 1082185  995242 1102416  834484]
333,429,[1133018 1029743  995242 1098066  972312]
334,430,[ 962229 1133018 1029743 1106523 1070845]
335,432,[1029743  995242  883404 5569230 9835619]
336,433,[1089392 1106523 1082185  896613 1048462]
337,434,[ 846081 1058214  960791  895166 1082185]
338,435,[5569230 5569471  844165  909714 1076875]
339,437,[1082185 1106523  948670 1029743  944466]
340,438,[1082185  951590 1056162  949377  907281]
341,441,[1082185 1123792 1137688 1124971  913894]
342,442,[1085604  879755 1073150 1095275 1070015]
343,443,[1082185 1070820 1068562  867188 1106523]
344,446,[1082185 1055646  914190 1068719  923746]
345,447,[1029743  995242  995785 1053690 1112627]
346,449,[ 849843 1082185  995242 1029743 9934800]
347,450,[13842090 13842214   995242  1082185  1055646]
348,451,[ 844179 1082185  934639  962229 1109370]
349,454,[5569230  908531  911088  951526  989075]
350,457,[ 995785  995242 1070015  979707 1082185]
351,458,[12810391  1058997   862349  1082185   923746]
352,459,[863762 885290 986912 844165 855138]
353,460,[1082185 1058997 1052912  873887  923746]
354,461,[ 897954 1031260 1068562 1004906 1029743]
355,462,[1137775 1082185  840361 1105917  999858]
356,463,[12811532  1082185  7431990  1029743  1046689]
357,464,[ 937292 1082185  961554 1029743  995242]
358,466,[1112473  895652 1025611  835476  918368]
359,467,[1127831 1106523 1082185  903325 9296804]
360,468,[ 1082185 13842088  1106523   895039  1019078]
361,469,[ 5569230   832001  1076056 12731436   968215]
362,470,[883404 995242 908531 937791 840601]
363,471,[ 866227 1082185 5569230  934639 1133018]
364,474,[ 950206  831628 1029743 1106523  866043]
365,477,[1068719 1126899 1058997 1029743  883404]
366,478,[8203851 1082185 1055646  823862  914190]
367,479,[ 986912  910032  910291 1092948  866227]
368,480,[1082185 1127831  857503 1070820  995785]
369,482,[ 883404  951590 1133018 1044078  844165]
370,483,[1019078 1017201 1116005  845774 9837807]
371,484,[1070820 1082185  984575 1038217 1006483]
372,485,[ 972665 1029743 1082185  923746 1095700]
373,487,[1082185 1055646  914190  840361 1068719]
374,489,[  986912 13842088  1082185   862010  5584847]
375,491,[1056509  962568  903325 1058997 9858847]
376,493,[1029743  995242 1082185  911812 1022003]
377,495,[12810391  1029743   957741  1082185   827218]
378,497,[1029743 1082185  965530  995242  990688]
379,502,[1135868 1082185 1081479  914190  840361]
380,503,[1082185 1134398 1023830 5569230 1095329]
381,505,[1132770  823862 1082185 7166861 1073150]
382,506,[  861272   987734   909338  9705473 10456568]
383,507,[1082185  839094  923746  866211 1008012]
384,508,[ 969205 1109615  879504 1133018 1083787]
385,510,[1019643 1057315  833724 1131115  967476]
386,511,[1029743 1106523  844179 1133018 5569230]
387,513,[1093413  844179 1119089 1018740  865026]
388,514,[1082185  923169  901062  878996  909714]
389,515,[1106523 5592931 1029743  951526  972742]
390,516,[1110572 1053690 5568489 1082185  995242]
391,517,[1082185  995785 1126899  995242  834484]
392,518,[1082185 1029743 1106523 1055646  923746]
393,520,[1082185  995242 1133018  896938  981760]
394,521,[1137688  995785 5568228  819840 1051516]
395,523,[1082185  995242  869195 1110572  951590]
396,524,[1082185  834484  995242  901062  995785]
397,525,[ 883003 6602697  824305  995785  913490]
398,526,[5569230  995242 1029743  882496  951590]
399,527,[  933835  1131321 12673243   955075   986947]
400,531,[1029743 1082185  995242  865026 1115800]
401,533,[1029743 1082185 1055646 1106523  883404]
402,534,[1039156  855718  861272 1117500  866227]
403,537,[1116635  937626 1004436 1058997 1075368]
404,538,[1082185  906838 9296919 1070820 1098844]
405,539,[1082185  923746 1068719  995785  833025]
406,540,[ 995785 1082185  916122 1000237 1070015]
407,542,[ 1106523  1082990   968936 12648967 12670071]
408,543,[1100410  860890  899580  829459  883916]
409,544,[12731436  1085604  1082185  7409670   936508]
410,545,[1082185  986912  912914  907281 1119374]
411,547,[1029743 1070015 1082185 1106523  951590]
412,548,[1082185  923746 1029743  981760  860776]
413,550,[1029743 1082185  878996  995242 1108488]
414,552,[1044078  883404 1096036 1133018  849843]
415,553,[ 896938 1039126  868764  946308 1110244]
416,554,[1082185 1106523  917438  867188 1070272]
417,556,[1082185 1029743  883404 1055646  914190]
418,557,[ 879528 1126899 1082185 1058997 6034857]
419,558,[1106523 1082185 1133018  883404  962229]
420,560,[1029743 1077851  848356  896446 1003188]
421,562,[824005 995876 916122 847982 965842]
422,563,[1075368 1082185 1029743  995242  852317]
423,564,[ 840361 1082185  995785 1029743 1058997]
424,566,[1039156 1133018  866227 1029743  995242]
425,567,[1070015 1076738 1133018  993028 1089766]
426,568,[9835223 1033615  823990 1043590  905817]
427,569,[ 855138  995242  970160  862535 1126899]
428,570,[ 951590 1082185  862349  954216  995242]
429,574,[1082185  995242  916122  908531  914190]
430,575,[ 862349  976199 1100410  953561 1126310]
431,576,[1082185  995242  862349  906017  844165]
432,577,[1082185  948832 1127831  827656  820165]
433,578,[12263788   865705   961554   921836  1135886]
434,579,[ 961554 5569230  995242 1082185  908531]
435,580,[ 1118946  1041796 12731544   917438   995242]
436,581,[ 826272  938849  882109 1126899  858999]
437,582,[1082185 5569230 1029743  903325  845715]
438,583,[ 927191  850841  914190 5569230  995242]
439,586,[1029743 5569230  883404 1055646  960791]
440,587,[1082185 1055646  914190  894236  840361]
441,588,[ 882830  907631  914190 5580793  838733]
442,590,[5569230 1082185  947858 1106523  916122]
443,591,[1065017 9245106  869728 1106523  933067]
444,593,[1106523 1065593 1133018  883963 1082185]
445,594,[ 910032 1029743  995785 1082185  826860]
446,595,[1082185 1037863  865992 1013389 1098066]
447,596,[1025581 8090521 8090537 1106523 1072523]
448,598,[1106523  923746 1029743 1082185  824005]
449,600,[  995242 10285243   916122 10284946   938138]
450,602,[1029743 1021116 1082185  844165  883404]
451,603,[ 883404 1044078 1106523 1029743 1133018]
452,604,[1082185  900586  862349 1070820  834129]
453,605,[1082185 1106523 1126899 1133018  899446]
454,606,[ 1027372  1029743 12782182   916122   990688]
455,608,[6979753 1138487 1013928 1038462 1075175]
456,609,[  849843  1082185 13115579  5569230  1133018]
457,610,[1029743  883404 1132770 1133018  985893]
458,611,[1037631  953476 1131438 1082185 1029743]
459,612,[1029743 1065593 1062966  995242  883404]
460,613,[1082185 1055646  914190 1068719  923746]
461,614,[1082185 1029743  934639  961554  979707]
462,615,[  995242   883003  1110142   971922 12731544]
463,617,[ 1022340   916487  1082185 14106445   852600]
464,618,[1106523  923746 1133018  826249  908531]
465,621,[1112825 1137775  981760 1013999  869900]
466,622,[ 883404  826249  844179  986912 1106523]
467,623,[ 923746 1058779 1029743  995242 1077555]
468,624,[1106523  849843 1133018 1130858  899624]
469,630,[1082185 5585635 5584007  871611  905072]
470,631,[1082185  995242 1043035  979707  965842]
471,632,[1082185 1029743  995785 1070820  933835]
472,633,[1082185  923746  883404 1055863  849843]
473,636,[ 927191 5592931 1123792 1054424  844165]
474,637,[13115579  1133018  5568378  1027068   967461]
475,638,[1029743  923746  995785  840361  849843]
476,640,[1082185 1106523  883404 1133018  849843]
477,641,[ 999858 1058997 1070820 1126899  971922]
478,643,[1055646  995242  981760 1055853 1082185]
479,644,[1082185  899580 1077975 1026712  995242]
480,647,[1082185 1029743 1043920 5568228  951590]
481,648,[1082185  903325  895540  995876 1033220]
482,650,[1082185 1055646  914190  840361 1068719]
483,652,[ 890610 1065593  866227 1082185  832678]
484,653,[ 979707 1113141  854852 1037840  922651]
485,654,[ 864893  995242  923746  883404 1082185]
486,655,[1082185 1044078 1029743 1070015  910032]
487,658,[ 849843  883404  995242  896938 1038462]
488,659,[ 925862 1133018  929668  858918  904236]
489,660,[ 862010  953561  921836  916122 1082185]
490,661,[5569230  986912  995242 1004596 1110572]
491,662,[1029743 5569230  840361  913210  995242]
492,663,[1082185  948190  928486  925514 1124729]
493,665,[ 986912 1071171 1082185 1116578  852317]
494,666,[1043590  914190 1077490  861272 1033615]
495,667,[1133018  849843  995242 1082185  910673]
496,668,[1082185 1058997  862349  849843  995242]
497,669,[1082185 1058997 1126899  971922  903325]
498,670,[1082185 1029743  867138  885406  981760]
499,671,[ 918733 1133018 1083721 1050229 1029743]
500,672,[  849843 12302069   860703  1080414   981760]
501,673,[ 883404 1082185  957232 1106523 1029743]
502,674,[ 936914 1081177 1009333  835595  826249]
503,675,[1106523 1082185 1121384 1133018 1048352]
504,676,[1069522 1065593 1102959 1070702  937292]
505,680,[ 900586  971807 1094955 1029743  912137]
506,681,[856252 890695 967461 951590 882496]
507,684,[1082185  995242  961991 1133018 1106523]
508,685,[ 1015539  1097398   895502 13842088   847573]
509,687,[ 1044078  1082185 12811532 12810393   951590]
510,690,[  834631 10351524  1082185 10285141   883404]
511,691,[1082185  995242  912914  849843  916122]
512,692,[ 894236 1082185  824005 1055646 1019643]
513,693,[962229 862349 911812 948670 989101]
514,694,[1037840  995242 1106523 1029743  849843]
515,695,[1082185 1029743  995785  981760  940947]
516,696,[ 923746 1126899 1058997 1101010  931136]
517,697,[1082185 1070820  995242 1053690  860776]
518,698,[1106523  954216  866211 1133018  987480]
519,699,[1082185  951590 1029743  895502  962229]
520,700,[1101010 1106523 1029743 1043751  995242]
521,701,[5569230  995242 1106523 1133018 1082185]
522,702,[1082185  916122 1065593 1029743 1062966]
523,703,[1082185 1058997  901776  995242 5569230]
524,705,[1029743 1082185  912112 1126899 1062966]
525,706,[ 923746 1029743 1104343 1082185  970747]
526,707,[1029743  923746 1062128  965842 5569471]
527,708,[1082185 1029743  916122  995242  867138]
528,709,[1110572 1053690 1138189 1103618 8181477]
529,710,[1106523 1082185  989075 1050131 1024051]
530,711,[ 1037840   864893 13115501  1030362  1082185]
531,712,[1137775  981760  923746  965842 1070820]
532,713,[1075368 1082185  962229 5569230 1029743]
533,714,[1029743 1126899  948650  837139 1082185]
534,715,[ 969205  885863  823758 1106523  995242]
535,716,[1082185 1055646 1024306  847982  883404]
536,717,[ 861445  878715 1106523  883404 1055646]
537,718,[1114050 1045109 1092026 1077975  999971]
538,719,[1040807  819978  933835 1082185 1106523]
539,720,[ 895268  863447 1056212  854852 1081177]
540,721,[ 862349 1014860 1058997  878775 1126899]
541,722,[1082185 1106523 5588666 5584620 5585727]
542,723,[1082212 1082185  999104 1043920 1033220]
543,725,[1058997 1133018 5568378  911088  914190]
544,726,[ 880427 1082185 1058997  951412  838258]
545,727,[1082185  846823  866292 1120213  900697]
546,728,[1029743 1070015 1013928 1085604  900770]
547,729,[1082185 1055646  914190  840361 1068719]
548,730,[9526185 1126899 1058997  908531  960732]
549,731,[  943513 12172355   847982  1085604   993379]
550,733,[ 966891  906502 1017041 1034837  932562]
551,734,[1055504  995242 1029743  959737  883404]
552,735,[1106523 1082185  923746 1072523 1092026]
553,736,[  968932  1135768 13115548 13115493   850841]
554,740,[1082185 1135476  904360  921836  944534]
555,741,[1082185  835595 1109598  976199  927191]
556,742,[ 919644  936594  917832 1120741  882441]
557,743,[ 845537 1077975 1053763 1050131 1025581]
558,744,[1082185  883003  995242  849843 1058997]
559,745,[ 1082185 13842088   962568 13115937  8203451]
560,747,[5569230 1062966 1098066  883404  844165]
561,748,[ 914190  951590 1003188  899624 1106523]
562,749,[5569230  995242  890695 1070015  985119]
563,750,[1133018  883404 1065941  866227 1022872]
564,752,[ 1098844   986912 12810422  1137688  6979803]
565,753,[1000908 1076056 1029743 1082185 1093603]
566,754,[1082185  935284 1127624 1058997 1126899]
567,755,[1137775 1082185  991874  971922  862349]
568,757,[ 962229 1082185 1039156 1133018 1139830]
569,759,[ 1082185  5568447   906844 13115548  1029968]
570,761,[1029743 1106523 1041796 1133018  833025]
571,762,[  962199   986912   866227   964977 10455984]
572,764,[ 935284  898847 1029743 1082185 1106523]
573,766,[1082185  961554  923746 1058997 1055646]
574,767,[1015781 1082185  840361 1102067 1104349]
575,768,[1029743 1100410  995242 9527223  860890]
576,769,[ 995785 1106523 1082185 1029743 1092026]
577,770,[ 904236 1082185 1075368 1044078 1029743]
578,771,[ 840361  834484 1068651 1028816  995965]
579,773,[ 909714 1082185  861272 1058997  938300]
580,776,[ 995242 1082185 1029743  907631 1043971]
581,777,[ 959316 6533608  863447  943459  864033]
582,779,[ 976199 1082185 1133018 1039156  916122]
583,781,[1001277  910673  836445  872137  854405]
584,784,[5569230 1139782 1082185  861485  921288]
585,786,[1082185  972665 1106523  981760 5569230]
586,787,[1082185  894236 1039156  863664 5569230]
587,788,[ 849843 1104205  874255  996425  947858]
588,789,[ 981760 1082185 1071939  833025  922561]
589,790,[1100273  862488 5995177 1095587 1139569]
590,793,[1029743  995242 1133018 1082185 1127328]
591,794,[ 871756  911812  979707 1126899 1117514]
592,795,[ 1028995  1043751 12301100  1082185  1029743]
593,796,[ 923746  969866  995242 1058997 1082185]
594,798,[  994928   978974 13841744  1082185  1126899]
595,799,[1020156 1082185 1058997 1126899  995785]
596,800,[1029743  995242  981760 1096099 1079987]
597,801,[ 904422 1029743 5568228 1037863 1116821]
598,802,[ 845193 1082185 1134483  986912  983584]
599,803,[1082185  921920  962568  927238  956486]
600,804,[ 883404  844165 9487927 1092026 1080414]
601,805,[ 949023 1082185 1029743 1065593  939636]
602,806,[1029743 1082185  868539  849843  883404]
603,807,[1029743 1082185  995785  965530  850841]
604,808,[ 835347  908846  824005 1029743 1110572]
605,810,[993638 961979 868764 863447 845208]
606,811,[1103741  995242 1029743  883404 1082185]
607,813,[ 1082185 12518330  1027569   895540   834117]
608,814,[ 978906  910161 1101173 1131310  883404]
609,816,[1082185 1075368  995242 1133018  862349]
610,817,[1082185 1121384 1060408  856345 1075214]
611,818,[6602697 1029743 1082185  885290  849843]
612,820,[ 856060  995628 9884698 9879410 1124729]
613,822,[937292 917407 995242 981760 940947]
614,823,[1055646  860776 6534077 6534035 6534480]
615,824,[1106523  923746 1046689  962229 1082185]
616,825,[ 1058997 12731436   901062   938700  1110409]
617,826,[ 1037840 12384431  1137304   961620   970792]
618,829,[1082185 1132771 1137775 1059891  972569]
619,830,[1029743 1106523  995242 1085604 1133018]
620,831,[ 885406  995242 9677949 1055646 1009128]
621,836,[1126899  927191 1058997  962229  951590]
622,837,[1126899  962568 1133018  907647 1082185]
623,840,[1082185  827802  916122 1090884  990256]
624,841,[9802666  870327  928555  843944  984491]
625,842,[ 844165 1092026 1096036  999971 1128647]
626,844,[1082185  862349 1127831  995242 1135476]
627,845,[1082185  825994 1096099 8090533 8090537]
628,846,[1082185  981760  995242 1133018 1029743]
629,847,[1082185 1005274 1001827  840361 1041796]
630,848,[ 1094924   963365  1041796 10344586  9416729]
631,850,[1106373 1106523 1059342  995242  849843]
632,852,[1126899 1058997  903325 1133018 1082185]
633,853,[13071902   834484  1058997   863802  1051516]
634,854,[1027168 5568378  911812  883404 1123842]
635,855,[13007846 13008334  1029743   873887  1121360]
636,856,[ 944534 1029743 1082185  995242 1068719]
637,857,[ 883932 9803545 1040807  839262  868147]
638,858,[1070820 1082185  962229 1053690 5569230]
639,859,[ 1082185  1029743  5569230 13842088  1075368]
640,861,[1072523 1106523 1082185  899624 1004906]
641,862,[ 832678  981760 1029743 1082185 1055646]
642,863,[ 916122 5569135 1119761 1037337  986912]
643,864,[1029743 1101010  981760  897954  927191]
644,865,[ 844179 1075368  918733 1128647  930917]
645,866,[ 1106523  1082185  1044078  1133018 14050436]
646,867,[1075368 1106523 5569230 1133018 1110409]
647,868,[1082185 9884484 1029743  995242 1070820]
648,869,[1044078 5592931  990469  995785  873964]
649,871,[1082185  878996 1029743  828106 1051468]
650,875,[1058997 1082185 1065593  883404 5584007]
651,876,[1082185  883404  952254 1123106  834484]
652,877,[1082185  981760 1126899 1058997 1055504]
653,878,[1133018  846823 1131344  844165  838186]
654,879,[ 903325 1101010 1071939 1070820  914190]
655,880,[1082185 1033142  951590 1055646  914190]
656,881,[ 1029743 13945244   981760   995242   883404]
657,882,[1106523 1065593 1043751 1137775 1076056]
658,883,[1082185  995785 1029743  962568  903325]
659,884,[1106523  883404  995242 1014388 1015539]
660,885,[1106523 1006483 1082185  923746  951590]
661,886,[1070820 1029743  995242 1058997  868764]
662,887,[1133018  883404  957232 1055646  914190]
663,888,[ 901062 1003188  856252 6034857  826249]
664,889,[ 849843 1126899  947201  844740 1083446]
665,891,[1082185  937292 1106523 1133018 1093571]
666,893,[ 895295 1019643  913785  868415  953476]
667,894,[1082185 1133018 1029743 1106523  874149]
668,895,[1082185  862349  828139  908283  866211]
669,897,[1029743 1126899  883404  849843 1039156]
670,898,[ 824005  995242 1028816 1030362  972665]
671,900,[ 986912  885863 6391176  890536 1133018]
672,903,[ 923746 1082185 1058997  957232 1126899]
673,904,[1106523 1133018  923746  995785  951590]
674,906,[ 896938  911974  860703 1137507 1048237]
675,907,[ 974306 1099058  986912 1123556 1077143]
676,908,[ 916122  862349 1082185 1057260 1104343]
677,909,[  976199   998373  1056509  1039126 10149640]
678,911,[1082185 1055646 1058997 1126899 1024306]
679,913,[ 834117  999104 1082185  995242 1134810]
680,914,[1073150 1107553  883932  986912 5577022]
681,915,[ 880150 1082185 1057260  853354  954642]
682,916,[ 913785  916122 1110692 1079913  913210]
683,919,[1029743 1076056 7431990 1082185  987464]
684,920,[1106523 1133018 1101589 1082185 1077143]
685,922,[1058997 1082185  925112 1126899 1046262]
686,924,[ 855138 1121656  995242 1029743 1086740]
687,926,[ 903325  944836 1138443 1058997  981760]
688,927,[1058997  995242 1082185 1126899  908531]
689,928,[ 908531 1029743  995242 1022254  835098]
690,929,[13842088  1070820   862349   908531   883404]
691,930,[1029743 1082185 1007642 1055646  914190]
692,931,[1029743  940090  956902  866043 1126899]
693,934,[1135258 1034837 1133018 1075315 1116460]
694,935,[1082185 1055646  883404  986947 1126899]
695,936,[1106523 1029743  962229  995242  986912]
696,937,[5587043 5586642 5588238 5585636 5585186]
697,939,[1106523 1029743  981760  883404 1133018]
698,940,[1123792 1074040 1019637  975649 1030093]
699,941,[ 919766  882109  862349 9677236  953476]
700,942,[ 1015539 13842214  1037635  1080566   864033]
701,943,[13381584  1106523  1082185  1133018  1070015]
702,944,[1132771  866227 1127831  951590 1029743]
703,946,[1082185 1100972  995785  944534 1093413]
704,947,[  866227 10285149   900770 10285187   935200]
705,949,[1082185 1029743 1127831  880150 1121213]
706,951,[ 821025  977481 1029743  823704  871754]
707,952,[1029743  995242 1082185  883404  862349]
708,953,[ 877310 1029743 1082185 5569135  981760]
709,954,[1082185 1055646  914190  840361 1068719]
710,955,[1123146 1036289  982833 1044078  967762]
711,956,[1068651 1029743  939900  944534 1008032]
712,957,[  935993 10204488   985911   940731   898601]
713,959,[ 1106523  1082185 10455984  1133018  1003188]
714,960,[1036347 1058997 1070820 1126899  862349]
715,961,[1082185 1070820  916122 1029743 1002771]
716,964,[  962229  1029743  8090537 15831255   879755]
717,965,[12301100   849843   883404  1133018  1058997]
718,967,[1082185 1055646  914190  840361  883404]
719,968,[1033615 1003188 1070015  927191 1114992]
720,969,[1082185 1029743 1055646  914190  840361]
721,971,[1075368  895540 1070820 1133018  819978]
722,972,[  866227  6632283 13008334   862349  1107553]
723,973,[ 1082185   878996 12731436   866211   963365]
724,974,[1106523 1029743 5569845 1082185 1055646]
725,975,[13381584  1082185  1098248   944836  5569327]
726,976,[ 1082185 14106445  1029743  1127831   840361]
727,978,[ 951590 1082185 1106523 1070820  878996]
728,979,[ 904236 1070702 1077143  854261 6391381]
729,981,[1082185 6391497  901460 1126808 1013321]
730,982,[ 962229 5569230  870547  939546 1075368]
731,983,[1095275 1037840 1029743 1075368  995242]
732,984,[ 908531  990981 1029743 1106523 1082185]
733,985,[1029743  914190 1126899  859075 1082185]
734,986,[1029743 1082185 1116635  995242 1097849]
735,987,[1137775  819978  986912 1126899 1106523]
736,988,[1106523 1070820  981760  862349  908531]
737,989,[1029743 1068292  899624  903325 1106523]
738,991,[1082185 9803601  986912  834484 1055646]
739,992,[ 909714 5995597  998444  896369  834484]
740,993,[1082185 1101010  995242  951590 8293439]
741,996,[ 1133018 13842088   896938   953539  1082185]
742,997,[ 849843  981760 5584620  921836 5584027]
743,998,[1000753 9245106  822073  947858 9836106]
744,999,[1029743 1082185 5569230  983584 5585510]
745,1000,[ 1082185   986912  1048483 12427353   995242]
746,1001,[12301109  1095275  1029743   995242  1104475]
747,1003,[1082185 1029743  844179 1070820  995242]
748,1004,[1029743 1122568  995628 1054262  995242]
749,1005,[  995242   849843 12301100   883404   937292]
750,1007,[ 848268  883404 1029743  999971 1120741]
751,1008,[ 1110572   910473  1065593   883404 13115501]
752,1010,[ 971922 1082185 1127831  849843  995242]
753,1011,[1029743 1058997  944836 1126899  862349]
754,1012,[1070820 1082185  862349 1096036  844165]
755,1014,[ 962229 1077588 9296804  976199  911974]
756,1015,[1082185 1021694 6602697  862349  995242]
757,1018,[1075368  885307 1018740 1070820 1076056]
758,1019,[1106523 1082185  951590  849843  883404]
759,1020,[  995785   914190  1070820 10149640   977481]
760,1021,[ 852856 1070820  912704 1055646  914190]
761,1023,[ 927011 1002261 1026058 1123434 9859182]
762,1024,[ 874972 1043751  962229 1092885  847573]
763,1025,[1029743 1106523 1128240  849843 1133018]
764,1027,[1097635  995242  849843 1082185 1058997]
765,1029,[1082185 1126899  965050 1048257  898612]
766,1030,[ 986912 1048563 1082185  995965  951590]
767,1034,[1133018 1126899  861272 1058997 1082185]
768,1038,[1071939  916122  857849 1029624  914190]
769,1039,[1082185  917438  972665  951590 1029743]
770,1040,[1082185 1075368  916122  948298 1093966]
771,1041,[ 948832 1127470  988697  865330 1120741]
772,1042,[1036501  862349  868764  885863 1100137]
773,1043,[1082185 1055646  914190  840361 1068719]
774,1045,[1029743  995242  999639  981760  862349]
775,1046,[ 1126899 13071902   913270  1058997  1082185]
776,1047,[ 844179  896938 1130777  819255 1133018]
777,1050,[ 1082185   962229  1106523 12301405   883404]
778,1051,[1137775  921504  951590 6534578  933835]
779,1053,[ 995785  979707 1107839 1137775  835279]
780,1057,[1033913 1082185 1065593 1088147 1058997]
781,1058,[1001475  866227 1038462  941856  844165]
782,1060,[1082185  995242  951590 8090521  897752]
783,1061,[1082185 1106523 1043766  989075 1050131]
784,1062,[1127624 1116578  984677 1055646  961554]
785,1064,[1082185  962568  995785  979707  985427]
786,1066,[ 934639  989101 1082185  852864  995242]
787,1067,[1082185 1029743  947858 1130777  986912]
788,1068,[ 995785 1025611 1043590  951590  986912]
789,1069,[1029743  844179  999858  962229 1082185]
790,1070,[1134398 8293439 1008625 1082185 1029743]
791,1071,[1082185  995242 1065593  882441  849843]
792,1073,[1058997  995242 1126899  873627 1082185]
793,1074,[ 995242  914190  916122  909129 7166861]
794,1075,[1070015  909894 1033615 1023958  999270]
795,1076,[1089954  865456 1084968  838487 1075368]
796,1077,[ 937292  951590  883932 5569230 9270757]
797,1078,[1082185 1106523 1126899 1058997 1029743]
798,1080,[1029743 1106523 1133018  844165  995785]
799,1081,[1106523  981760  857849  916122  908318]
800,1082,[1106523 1133018 1128698  853317  844165]
801,1083,[1116821 1082185 1029743 1106523 1052912]
802,1084,[ 953476 6704207  847270  879755  956486]
803,1085,[938849 835004 883404 874972 826272]
804,1086,[  963835 12731714  1082185  1138443   916122]
805,1087,[ 962229 1106523  823990 1029743 1072523]
806,1088,[ 861701 1045478 1055863 1080414 1053058]
807,1089,[1006483 1029743 1026984 1068292 1024051]
808,1090,[1082185  944836  962229 1055646  914190]
809,1091,[ 1082185  1029743 12302069  1060408   981760]
810,1092,[1132911 1014948  896974  868075  952981]
811,1093,[1106523 1066069 1082185  995242 1029743]
812,1094,[ 904236 1076875  932298  831628  880150]
813,1096,[ 995785 1082185  878996 1020682 1106523]
814,1097,[8090440 1106523  951590 9881593 1070015]
815,1098,[1082185  987480  901062 1093721 1029743]
816,1100,[1085604 1080414 1092026 1082185 1055646]
817,1102,[1044078 1082185 1114597  860776  883404]
818,1103,[1136719 1126899 1058997 1029743  862535]
819,1104,[1015280  923169 1082185  901460 9526624]
820,1105,[1082185 1055646  914190  840361 1068719]
821,1106,[  868764 12757316  1129049   883404  1044078]
822,1108,[1110572 1029743 1082185 1120741 7025106]
823,1109,[1082185 1070820 1115576 1105917 1109014]
824,1110,[ 819255  908531 1070820  947858  840361]
825,1111,[ 878398  927681 1117039 1055646 1043590]
826,1112,[1082185 1029743  862349 1010681  839346]
827,1113,[ 1082185   995242 14106445  1126899  1058997]
828,1114,[ 910032 1051211  892008  937791  822407]
829,1115,[1082185 5569471  952972  995242  995785]
830,1117,[1106523 1029743 1082185 1081177 5569230]
831,1119,[1082185  844179  995242 1029743  972244]
832,1120,[1133018  995242 1037337 1082185  849843]
833,1121,[1082185  962229  995242  872137 1070820]
834,1123,[ 962229 1008032  870929 1082185 1098844]
835,1124,[1055646  914190  851676 1106523  923746]
836,1127,[1029743 9835223  962229  961554  995785]
837,1128,[1050131  951526  927191  845537  900491]
838,1129,[ 858439 1137688  995785 1126899 1131620]
839,1130,[12731544  1039156  6979089 12524174  1104649]
840,1131,[1029743  995242 1133018  992730  982469]
841,1132,[ 951590 1106523  907014 1102456  885290]
842,1133,[ 903325  995785 1037863 1092026 1029743]
843,1134,[ 916122  948670 1082185 1070820 1112825]
844,1135,[ 995242 1029743  908531  821083 1055646]
845,1136,[1106523 5569230  962229 1039156 5568378]
846,1137,[ 1082185   914318 12301405  1076875   890689]
847,1138,[1015539 1097398 1120741  882441 8015407]
848,1139,[1082185 1003616  885290  865026  901062]
849,1141,[1065593  914190 1082185  995242 1029743]
850,1142,[882826 878715 848970 916122 961554]
851,1145,[1029743 1082185 1106523 5569230 1133018]
852,1146,[1029743  995242  995785 8065410 1023830]
853,1147,[1106523 1096794 1060005  951590  914190]
854,1149,[1135681  848071 1026118 1028816 1082185]
855,1151,[1136524  870547  962266 6602697 1122358]
856,1152,[9337581 1029743  995242  923746  882830]
857,1154,[1082185 1106523 1001333  849843 1029743]
858,1155,[1106523 1133018  883404  878996 1082185]
859,1157,[ 853756 1082185  981760  951590  995242]
860,1158,[ 856788  866355 1019637  882941 1135460]
861,1159,[ 1082185 10284946 10285243  1107553  1085256]
862,1160,[ 1106523 12302069  1133018 14050436 14043817]
863,1161,[1133018 1070820 1106523 1058997 1126899]
864,1163,[13842088   995242  1029743   899624  1004906]
865,1164,[1077975 1080853 1111722 1082185 1070820]
866,1166,[1090884 1075315 1034837  967476  995722]
867,1167,[1082185  895295 1070820  862349  951590]
868,1168,[ 908531  995242 1019637  983584 1114653]
869,1169,[1082185 1106523  992985 1093413  844165]
870,1171,[ 995785 1075368  995242  832678 1029743]
871,1172,[ 963686 1122358  844165 1029743  985181]
872,1174,[1106523  923746  917494  844179 1133018]
873,1175,[1082185  962266  948495 1098844  914318]
874,1176,[1082185 1055646  914190  840361 1068719]
875,1178,[ 995242  835558  847573 1029743 6463710]
876,1179,[863447 844165 908531 962229 823758]
877,1180,[1029743 1082185  923746  849843  834833]
878,1182,[ 995785  979707  842392 1068719 1106523]
879,1183,[ 883404 1082185 1055646  914190  844165]
880,1185,[1106523 1121360  895930 1133018  985893]
881,1186,[ 1082185   908846 14106445   872137  1098844]
882,1187,[6979753 1038462 1106523  951176 1070727]
883,1188,[1020156 1082185 1133018 1106523  891405]
884,1189,[1007195  969866 1106523 1037863 1082185]
885,1190,[1029743  999631 1082185 1068651 1116635]
886,1191,[ 1055646  1082185   995242  5569230 12301109]
887,1192,[ 859075  849843 1133018 1082185 1034686]
888,1193,[13842088  1013928  1082185  1106523   903745]
889,1194,[1119761 1106523 1044078  995242 1133018]
890,1195,[1075368 1082185  995242  999625 1002787]
891,1196,[13008321   885023  1070820  5565202   873627]
892,1197,[1082185  960613 1029743 1055646  933835]
893,1198,[1058997  874972  857697 1024306 1098844]
894,1201,[1029743 5569230 1053690 1082185  995242]
895,1202,[1058997 8293447 1072523 8090536 1055646]
896,1203,[12302069  1106523  1082185   951590  1070015]
897,1204,[1133018 1106523 1029743 1092026  883404]
898,1205,[13381584  1092026   844165   883003   845537]
899,1206,[1133018 1065593 1038217  935993 1128240]
900,1207,[1133018  995242  883404  908531  994928]
901,1208,[ 995785  970030  923746 1044078 1082185]
902,1209,[ 891520  861445 1082185  953677 1055646]
903,1210,[ 1082185   862349  1070820   962568 13841744]
904,1211,[1037631 1000753  879504 8065410 9396705]
905,1214,[ 993638  961979  929751 5995597 1082185]
906,1216,[1065593  883404 5569230  862349  901062]
907,1217,[1075368 5580793  916122  895743 1004906]
908,1218,[1082185 1135258 1070820  824180  894968]
909,1219,[13987135   903567   850841  7409824  1033234]
910,1221,[1082185 1029743  923746  889649 1055504]
911,1222,[1106523 1133018 5569230  920724 1031316]
912,1223,[ 883404 1106523 1029743 5569230 1053690]
913,1224,[ 1065593   857849 14050460  1029743  1075283]
914,1225,[1133018 1029743 1091520 1106523  824555]
915,1226,[ 935796  862349  927681 1070820  938217]
916,1227,[  970619  1082185  1055646   914190 10121965]
917,1228,[1106523 1133018 1058997  983795 5569230]
918,1229,[ 860776  834484  965842 1041259 1116821]
919,1230,[ 825343 1082990 1055646  914190 1044078]
920,1231,[1055646 1082185  955431  995785  981521]
921,1234,[ 885406  844179 5568228 1082185  985427]
922,1236,[1037840 1070015 1106523  851819  981760]
923,1238,[ 883932  995242  908531 1082185  832678]
924,1240,[ 1082185  1055646  1062128  1044259 12731436]
925,1241,[1092026  969568  821730 1021116  995242]
926,1242,[1082185  862349  883404 1070820  840361]
927,1245,[1029743  969866 1051516 1082185  962568]
928,1246,[1082185 1126899  993466 1029743 1058997]
929,1247,[1082185 1029743 1040807  921504 1126899]
930,1248,[ 941183  951590 1106523  903123  888054]
931,1249,[1106523 7025106  969419  823990 1082185]
932,1252,[1102959 1082185 1070820  847982 1052912]
933,1255,[1106523 1133018 1132770  874736 1055646]
934,1256,[1137688  933835  979707  867188  878996]
935,1257,[1082185  995785 1055646  895540  999858]
936,1258,[  950098  1051093 12946027  1051211  5569471]
937,1259,[1082185 1058997 1113588 1126899  995242]
938,1260,[ 949257 1082185 1098248  931671 1102949]
939,1261,[1025719  883916 1082185 9527223  899580]
940,1262,[ 945779  883404 1082185  849843  995242]
941,1263,[1029743  866211  923746  908531 1016800]
942,1264,[1029743 1106523 1126899 1134483 1070820]
943,1265,[1024731  918733 1042544  936634 1082185]
944,1266,[  863447   995785 12810391   970030  1039156]
945,1267,[13842090 13842214   862349  1098844  1082185]
946,1269,[1029743  995785  981760 1082185 1101589]
947,1270,[6464144 1082185 1106523 1137688 1037863]
948,1271,[1082185 1029743  864279  878996  951590]
949,1272,[1020729 1055646  905436  916122 1070845]
950,1274,[1082185  911502 1070820  879504 8090521]
951,1277,[1006483 1106523 1133018  921614 1090884]
952,1278,[1106523 1082185  860248  919534  883404]
953,1279,[1075315  939636  889319 1106523  886803]
954,1280,[1119374  949377 1109408  833556  873527]
955,1281,[ 995785 1131344  844165  963238  860776]
956,1282,[9835223 1043766  985427 1051810 9884484]
957,1283,[ 995242 1133018 1082185  849843 1044078]
958,1284,[ 1133018   951590 15926886   923746  1123792]
959,1285,[13842090  1065593  1035676  1106523  1102003]
960,1287,[1082185 1133018 1101010  862349 1055646]
961,1288,[ 897954  862349  923746  951590 1082185]
962,1289,[1085604 1029743 1106523 5569230  866227]
963,1290,[1058779  849843  824005 1081177  979707]
964,1291,[ 1011141   962229  1024731 12301100  1060363]
965,1293,[ 944534 1044078  959409 1001148 8290587]
966,1294,[ 961554 1082185  856345 1085137  976199]
967,1295,[1029743 1072523 1009128  910032  952317]
968,1296,[  955431 12810393  7467039   995242  1133018]
969,1297,[1082185  995785  845715 1041259 1037863]
970,1298,[ 883404 1096036  862139 1029743  840361]
971,1299,[1058997  840361  889649 1043663 1070820]
972,1300,[1106523 1133018  965530 1127179 1082185]
973,1303,[1082185 1029743 1094924  951590  976199]
974,1304,[1106523  923746 1118623 1029743 1133018]
975,1305,[1106523 1103808 5569230  944139  983659]
976,1306,[12301839  7166861  1048849   985427   981521]
977,1307,[1082185 1119405 1080853  995242 1058997]
978,1310,[ 883404  997128 1106523 1133018 1082185]
979,1312,[ 883404 1058997 1126899 5568378  916122]
980,1313,[1029743 1082185  995242  995785 1081177]
981,1314,[1029743  923746  976199 1102416  864893]
982,1316,[ 866211 1082185 1029743 1070820  962229]
983,1317,[1082185 1029743  923746  925626 1083721]
984,1318,[1082185  925862  908846 1041259  986021]
985,1319,[ 916122 1082185  995242 1058997 1027168]
986,1321,[  892008   930917   924610   981591 12810393]
987,1325,[1082185 6602697  927191 6602327 1098844]
988,1326,[ 822073 1103105  838602  911502 1139651]
989,1328,[ 995242  883003 1029743  923746  844165]
990,1329,[1060005 1008032 9526628  947858  962568]
991,1330,[ 856252 5569230 1133018  873178 1050310]
992,1331,[1029743 1082185  862349  995242  859237]
993,1332,[1082185 1062128  834484  895268  904813]
994,1333,[ 1126899   888586 12731436   908531   900842]
995,1334,[ 879755 1092026  844165 1085604 5569327]
996,1335,[ 1010681   836286 12782182   878775  1027372]
997,1336,[1029743 1082185 7155863 7139529  981760]
998,1337,[ 962229 1055863  923670 1080414 9835619]
999,1338,[1111839  839849  874736 1106523  955043]
1000,1340,[ 995242 1058997  862349  849843  999971]
1001,1342,[1082185 1055646  914190  840361 1068719]
1002,1343,[1082185 1055646  914190  840361 1068719]
1003,1344,[ 883932 1082185 1100972 1029743  994928]
1004,1346,[1082185 1058997 1110572 5574377  834484]
1005,1347,[1107553 1037894 1029743  925626  849202]
1006,1350,[14043825  1106523   883404  1029743 14043823]
1007,1351,[ 908531 1133018 1029743  867668  999971]
1008,1352,[1082185 1033846  935200 1079820  872137]
1009,1353,[  939546  1133018 12262992  1055646  1075315]
1010,1354,[ 995242 1133018 1062966 1082185 1038217]
1011,1355,[1056509 1082185 1077555  914190  981760]
1012,1356,[1082185 5569230 1070820  862349  981760]
1013,1357,[ 866548  895540 5582789 5589247  862349]
1014,1358,[1029743 5569230  883404  844165  849843]
1015,1359,[1029743 1001412  883003  916122  849843]
1016,1360,[1133157 1082185 9858742 9859128  845814]
1017,1361,[ 961554  951590 1029743 1082185  860776]
1018,1362,[7168026  921406 1024306  903674 1065017]
1019,1363,[ 913785 1065593 1070702  933835 1029743]
1020,1364,[ 1082185   981760   840361 12731544  1029743]
1021,1366,[14106445  1065593  1137688  1058997  1082185]
1022,1367,[1126899 1110572 1018588  896862  972665]
1023,1368,[ 963835 1082185  944137 1009368 5568447]
1024,1369,[  916122  1082185  1021694 13071902   866227]
1025,1370,[1061394  869868 1068957  844179 1106523]
1026,1373,[6034857 5585510 5569845 5569230 1090793]
1027,1374,[6979089  962229 1093603 1082185 1106523]
1028,1375,[1082185 1029743 1106523  916122 1133018]
1029,1376,[1043766  883404 1013321  994928  930666]
1030,1378,[1082185 9420286 5583944 8011397 7466806]
1031,1379,[1055646  962229 1044188  944137 5585510]
1032,1380,[ 995785 1082185 1029743 5569374 1106523]
1033,1381,[1106523 5568721 1133018 7409874 1055646]
1034,1382,[1082185 1029743  995242  834117 1133018]
1035,1383,[1017195  997506 1077975  972569 1003441]
1036,1384,[ 849843  916122 5592931  985999 1082185]
1037,1385,[1029743  923746  849843  883404 1042544]
1038,1387,[960791 998373 854133 917438 944534]
1039,1388,[1048563  855325 1082185 1022066  995242]
1040,1389,[1082185  907014 1058997 1053628 1098844]
1041,1390,[1082185 1029743  995242 5569230  981760]
1042,1391,[1082185 1058997 1133018 1106523  970866]
1043,1393,[ 1082185  1126899   901062 12810393  1051516]
1044,1394,[1082185 1055646 1119051  951590 1070820]
1045,1395,[1048462  880427  906844 1139782  951590]
1046,1397,[1082185  918046 1106523 1058997  857849]
1047,1398,[ 986912 1082185 1055646  914190  840361]
1048,1399,[1082185  995242 1093571  849098  860776]
1049,1401,[1044078 1029743  994928 1082185 1058997]
1050,1402,[1106523  923746 1082185  937292  995242]
1051,1403,[ 870547 1092026  844165  951590 1133018]
1052,1405,[ 922636  844179  893018  883404 1029743]
1053,1406,[1137775  826666 1029743  840361 1082185]
1054,1408,[1029743 1082185  995242  951590  851819]
1055,1409,[ 1082185 12302069  1116050 12810393  1111722]
1056,1410,[ 822785 1029743 1031316  874972  826860]
1057,1412,[ 1082185  1029743   885290  9677202 12301405]
1058,1413,[1029743 1082185 1051323 1055646  914190]
1059,1414,[ 840361 1082185 1126899 1055646  914190]
1060,1417,[  835243  1106523 10198378 13506200  1133018]
1061,1418,[1070820 1029743 1082185  995242  820165]
1062,1419,[1133018  908531 1085604 5568378 1019637]
1063,1421,[1029743 1082185  845307 1043751  944534]
1064,1423,[  833715 13008334   866227   995242  5590158]
1065,1425,[1101010 1044078  908213 1029743  933835]
1066,1426,[ 844165 1029743  995242  919534 1106523]
1067,1427,[ 932006  922318  861615 1082185 1075918]
1068,1428,[ 976199  833025 1133018  849843  899624]
1069,1429,[ 919948 1126899 9420312  926909 1031492]
1070,1430,[5569230  962229 1040807  938566 9487927]
1071,1431,[ 5569230  1110572  1082185 12301109  1067820]
1072,1434,[1075368 1082185 1006188  896709  995242]
1073,1437,[1035143  889774 6979089 1011303  852864]
1074,1440,[1106523 1018740 1029743 1133018 1082185]
1075,1443,[ 7431990 10344585  1133018   906844  6534030]
1076,1445,[1068651 1044078  967476 1082185 1029743]
1077,1447,[ 853756 1019286  900391  995303 1000672]
1078,1450,[1102959  995242 1082185  979707  862349]
1079,1451,[1082185 1029743 1138487  824005 1012922]
1080,1452,[ 989101 1029743 1013928 1106523 1133018]
1081,1453,[ 986912 1135476 1058997 1110572  862010]
1082,1454,[1082185 1029743 5569230 1137775  976199]
1083,1457,[ 863447  867188 1069621 1106523 1044078]
1084,1458,[ 962266 1106523 1082185  981760  923746]
1085,1459,[1082212  844179 1044078 1106523 1082185]
1086,1461,[1082185 1029743  844179  896938 1133018]
1087,1462,[1082185  995242  916122 1028816 1127831]
1088,1463,[ 825753 1081421  986912  943858 1083328]
1089,1464,[1082185 1029743  993028  955370  834484]
1090,1465,[ 921406 1082185  948495  916122  880888]
1091,1466,[5569230 1058997 1082185  995242 1029743]
1092,1467,[ 859237 1085604 1080414  866227 8160319]
1093,1470,[1063739 1029743  995242 1070820 1082185]
1094,1471,[1039156  826249 1098066  962568 1126899]
1095,1473,[1127831 1104343 1126899  903325 1098844]
1096,1474,[1037840 1106523  844179 1133018  951590]
1097,1475,[  903325   916122   981760   914190 12263788]
1098,1476,[1115576  995242  986021 1058997  862349]
1099,1479,[  977374   879755  1055863 13115937   989101]
1100,1480,[1029743 1082185  995242 1133018  928486]
1101,1481,[ 971922  870929  995785  883404 8090537]
1102,1483,[5569230  971922 1070820  856335  928049]
1103,1484,[1082185  961554 1058997  995785  840361]
1104,1485,[  878715 13842214   953561  1082185  1106523]
1105,1487,[ 940947  851676  822140  846830 5569230]
1106,1488,[1082185 1126899 5569230 1095032  990256]
1107,1489,[1062966 1065593  883404  908531  971949]
1108,1490,[ 874972  995242  944139 1068292  916122]
1109,1491,[1082185 1029743 1106523  986947  820165]
1110,1492,[1037863  927783  962568 1082185 1039156]
1111,1493,[8090521  883404  908531 1133018  971922]
1112,1494,[  838797   857849  9487603  1068719 12302069]
1113,1495,[ 1082185   969866   886941   849843 12731544]
1114,1499,[14106445   908318   855325   963365   995242]
1115,1500,[ 951590 1082185  981760 1133018  916122]
1116,1501,[1082185  819643  860776 1070820 1062128]
1117,1502,[1022872 1027569 1124729 1055646 1082185]
1118,1506,[  995785   981760  1055646 12301100   923746]
1119,1507,[ 1106523 13841744   879755   844165  1122358]
1120,1508,[1082185 1126899 1058997  862349 1122358]
1121,1509,[1029743 5578547  872137  903800 1082185]
1122,1510,[1126203  894236  968936 1068651 1039156]
1123,1511,[1106523  995242 1101010  968932 5569230]
1124,1512,[1029743 1058997 1082185 1106523  995242]
1125,1513,[1029743  995242 1053690 1082185 1044078]
1126,1514,[1058997 1126899 1082185  962568 1081177]
1127,1515,[1068651 1029743 1082185 1062128  834484]
1128,1517,[1137775 1070820 1101010  914190 1082185]
1129,1518,[ 883404  874972  849843 8203851 1082185]
1130,1519,[ 936914 1043751  916122 1070702  995785]
1131,1520,[1051637  857849 1029743  995242  883404]
1132,1521,[ 944534 1113588 1012873 5568228 1133018]
1133,1523,[1029743 1126899  995242 1082185  908531]
1134,1524,[1082185 1126899 1058997 5585639 5588666]
1135,1525,[ 849843 1029743 1068719  911622  971325]
1136,1526,[ 864335 1133018 7166723  845208  935570]
1137,1527,[5569230 1070820  904236  872137  908318]
1138,1528,[ 1075368   849843   908531   844165 13842088]
1139,1529,[1106523 1047968  898847 1048462 1058997]
1140,1530,[1082185  938300 1028816 1029743 1058997]
1141,1531,[ 976998  995242 1058997 1082185  844165]
1142,1532,[ 995242 6534030  889649 6534035  914318]
1143,1533,[ 850944 1005637 9526770 1048889 1006573]
1144,1534,[5567148  869728  916122 1070820  862349]
1145,1535,[1053763 1070702  951526 1036432 1002787]
1146,1536,[10285149 10285187  1029743   938217  1126899]
1147,1537,[ 908940 1121410  870211  994262  896602]
1148,1539,[1082185 1055646  914190  840361 1068719]
1149,1540,[8015407 1124729  987480  925514 1133018]
1150,1541,[ 1082185  1029743 12731436   962229   849578]
1151,1542,[ 981660  935993  821083 1044724 1082185]
1152,1543,[1029743  819255  849843  995242 1082185]
1153,1545,[1106523 1082185 1119060  990797  916050]
1154,1546,[1029743 5570595 1053489 5569303  883404]
1155,1547,[ 894236 1039156  893501  995242 1104224]
1156,1548,[1082185 1055646 1029743  995785  995242]
1157,1549,[ 986912  849843  969866 1133018  866227]
1158,1550,[1106523 1082185 1088835  999971 1033615]
1159,1552,[ 944836 1041259 1048462 1029743  951590]
1160,1553,[ 925626 1107289  937046 1082185  925258]
1161,1555,[1082185 1029743 1092026  844165  995242]
1162,1556,[1096643 1082185 1114050  995242  880150]
1163,1557,[12263788  1082185  1106523   913785  1133018]
1164,1558,[1120928  891520 1048462  995242 1082185]
1165,1559,[ 823704  933835  916122  951590 1082185]
1166,1560,[1121384  995242 1029743 1082185 1000488]
1167,1563,[1082185 1055646  869195  903325 1039156]
1168,1564,[12262978  1082185  1055646   914190   999250]
1169,1566,[6464144  895502  979707  849202  895295]
1170,1567,[1007195 1051516 1082185 1084036  934639]
1171,1568,[1082185 1106523 1133018  914190  882489]
1172,1569,[1018740 1082185  995242 1106523 1133018]
1173,1570,[1082185 1039156  911812 1076875  961554]
1174,1571,[ 1070820   850990   834103 10285144   859237]
1175,1572,[ 1126899  1058997 12301073  1039156  1082185]
1176,1575,[1082185 1110409 1119405  995785 1022254]
1177,1576,[ 965693  834484 1029743 1037863  891405]
1178,1577,[1029743 1082185  926692  969725  883404]
1179,1578,[1082185 1029743 1075470  995785  883404]
1180,1579,[ 908531  856252  832678 1041796  883003]
1181,1580,[1082185  857849 1029743  874736  883404]
1182,1581,[1029743 1077373  840361  912860 5569471]
1183,1584,[1029743 1106523  865705 1082185 1028891]
1184,1585,[ 1082185 13842090  1110409   832001   854852]
1185,1587,[ 1029743   956609   889774 12262978   995242]
1186,1588,[1137688 1082185  908531 9547021 1028816]
1187,1590,[1029743  995785 1055646  849843  896761]
1188,1591,[1082185 1135768  850841 1108092  995785]
1189,1592,[1058997 1043973  882830 6979526 1110764]
1190,1593,[1082185 1029743  995785  878996  995242]
1191,1594,[1106523 1133018  883404 1082185  995242]
1192,1595,[ 971922 1137775  933835 1082185  995242]
1193,1596,[1040807 1051211  933835  901776  979707]
1194,1598,[9836106  883932  832678  938138  954363]
1195,1599,[1053763 1043590 1065593  824555 1002787]
1196,1600,[1133018  849843 1075470 1106523  965766]
1197,1602,[1029743 1006483 1082185 1126899  999631]
1198,1604,[ 832678  944486 1051211 9526563  897752]
1199,1607,[5569230  844165 8090521 8090537 8090536]
1200,1608,[1106523  863447  995242 1017061 1029743]
1201,1609,[1029743  866211 5569230  899115  914190]
1202,1611,[ 986912 1029743 1082185 1055646  844165]
1203,1612,[1082185 1106523 1029743 1126899 1070820]
1204,1614,[ 901062 1120741  835243  862732 9420312]
1205,1618,[1082185 1092303  887393 1022340  916487]
1206,1619,[1075368 1082185 1133018 1033220 1041259]
1207,1620,[9245106 1133018 1053690 1024051 1110572]
1208,1621,[ 856060 1106523 8119303 1038217  885863]
1209,1622,[1082185  978974 1029743  958046  867188]
1210,1623,[ 921836  948832 1062966 1068719  871756]
1211,1624,[ 986912 5569230  991379  937626  852317]
1212,1627,[1068292 1070820 1029743  934639 1011926]
1213,1628,[1110572 1106523  861445 1082185 1055646]
1214,1630,[ 864893 1107760 1082185 1098284 1135834]
1215,1631,[  844165   968687 14043823  1035676 14043817]
1216,1632,[1082185 1065593 1070820  862349  913210]
1217,1633,[ 914190  856252  885863 1093413  874733]
1218,1634,[1029743  995242 1082185  880888 1044078]
1219,1636,[ 844441 1082185 1055646  914190  840361]
1220,1637,[1039156 1082185 1126899  938118 1036431]
1221,1638,[ 994928 1138443  860776 1098248 1126899]
1222,1640,[ 957063 1106523 1065593 1052512 1082185]
1223,1641,[1076875 1126899  944137  995785 1058997]
1224,1642,[ 895268 1082185 1106523  995242 1133018]
1225,1643,[ 951590 1106523  858999 6979753 1029743]
1226,1644,[1068651 1138189 7166861 1134483  995242]
1227,1645,[1108094 6534480 1082185  995242  921744]
1228,1646,[1118623 1058997 1126899 1055646  914190]
1229,1647,[1082185  981760  986947 1096036 1055646]
1230,1648,[1082185  951590 5592931  995242  914190]
1231,1649,[ 995785 1082185 1116821  908846 6391381]
1232,1650,[ 991575  944137 1139651 1058997  906017]
1233,1651,[1041259 1082185 1058997  862349  834484]
1234,1652,[1034176  880888 1004436 1082185  910473]
1235,1653,[1055646  894236 1039156 1119051 1110793]
1236,1654,[1082185 1106523 5569230 1070820 1004906]
1237,1657,[ 957063 1053690  866227  916381  883404]
1238,1658,[ 844179  980666  888543 5979322 1029743]
1239,1659,[1082185  824037  916122 1044078  824005]
1240,1660,[1104649 1048849 1068343 1053058  866140]
1241,1662,[1082185  916122  999104  866211 1070820]
1242,1663,[ 987480 1128665  926646 1072330  879948]
1243,1664,[1070702  965530  883404  897954  873627]
1244,1665,[1037631 1043590  989354 1082185 1029743]
1245,1666,[ 995242  951590 1029743 1082185  983584]
1246,1668,[1106523 1085256 1127624 1133018 1082185]
1247,1669,[1082185 1126899  879506  972191 1055646]
1248,1672,[ 995242 1029743 1075305 1106523 1044078]
1249,1673,[1053690  863762 6979545  845196 1133018]
1250,1676,[1082185  888586 1026258  921406  995785]
1251,1677,[1029743  995242  872137 9835509  901460]
1252,1680,[ 916122  960484 1082185 1022003 1058997]
1253,1683,[  971474  5569471  5569230   911812 13115579]
1254,1684,[1106523  995785 1082185 1053690  981760]
1255,1685,[1029743 1106523  976998 1058997  995242]
1256,1686,[ 986912  844179 8359154  935993  862349]
1257,1687,[1082185 1126899  834631 1062128 1058997]
1258,1688,[1070702 1029743 1095329 1028715  883404]
1259,1689,[1029743 1000753 1082185  995785 1133018]
1260,1690,[ 863447  938849  954077  835004 1039081]
1261,1692,[1051810 1038217 1133018 1001702  995242]
1262,1693,[1082185 1126899  996123  948495 1083043]
1263,1694,[1034837 1075315  889319  995722  966494]
1264,1695,[10285187   989101  1132770   861272   894236]
1265,1696,[1082185  861615  843842  862349 1029743]
1266,1697,[1044078  957839 1016800  926905 1029743]
1267,1698,[1082185  930118  883404 1055646  907631]
1268,1699,[ 993638 5569845  874972 1106523  847982]
1269,1700,[12810393  1058779   956486  1078741  1106523]
1270,1701,[ 951590  995242 1029743  995965  847270]
1271,1703,[9802666  862283 1133926  889965  870327]
1272,1704,[  935284  1044955   866227   897306 10351524]
1273,1705,[13842214 13842090   995785   857849  6979427]
1274,1706,[ 860248 1082185 1106523 1098066  883404]
1275,1707,[13842214  1085604 13842090  1031740  9270757]
1276,1708,[ 1082185  1029743   951590   896938 12810393]
1277,1709,[ 995242 1133018 1029743 7166861 1132280]
1278,1710,[1106523 1029743  965842  878996  995242]
1279,1712,[9445549  849843  847344 1126899 1082185]
1280,1713,[ 828867  851188 1082185 5565664  923149]
1281,1715,[1082185  862349 1058997  969205 1055646]
1282,1716,[883404 849843 866140 995242 826249]
1283,1717,[1082185 1029743  995242  995785 1055646]
1284,1718,[10204392  1018588  1082185   995242  1106523]
1285,1719,[ 844179  965766 1029743 1106523 1103105]
1286,1720,[ 916122  834484  961554  862349 1103556]
1287,1721,[1133018 1106523 1082185 1055646  914190]
1288,1722,[1126899 1058997  901062  853998  984575]
1289,1723,[ 834484 1101010 1022254 1040807 1133018]
1290,1724,[1098248  824005  961554 1082185 1126899]
1291,1726,[1082185 6391381  872137 1044259 1029743]
1292,1728,[9296919  930385 1034290 1101173  831536]
1293,1729,[1082185 1133018  908531 1029743  978077]
1294,1730,[5569230 5569471 5569845 1082185  872729]
1295,1731,[1082185  883404 1106523  917832  849843]
1296,1732,[1106523 1029743 1082185 1133018  903325]
1297,1733,[ 986912  879755 1082185 1086740  847573]
1298,1734,[7167853  914697  905072 1082185 1055646]
1299,1735,[  962568  1070702 12810391  1082185   951590]
1300,1737,[ 961554 1082185 1105623 5583944 1124507]
1301,1738,[ 819978 1118033 5569471 1040807  981760]
1302,1739,[1048462  928049 1106523  858302 1133018]
1303,1740,[ 1075368  1082185  1002771  1029112 12946027]
1304,1742,[ 1019637   864335   829459 12811532  1026712]
1305,1743,[1082185  961554 1106523  951590  883404]
1306,1745,[ 988697  921836 1106523  923746  849843]
1307,1747,[1112598 9297403  903325  927191  887618]
1308,1748,[1106523 1028995 1082185  987480 1133018]
1309,1749,[1082185 1029743  878715  862349 1039549]
1310,1750,[1082185  901062 1029743  849843  981760]
1311,1751,[1082185 1070820 5569230 1109352  927191]
1312,1752,[1065593  857849  844165  985119 5568378]
1313,1753,[ 866227  879755  883186  986912 1037894]
1314,1754,[1029743 1068292 5569230  923746  995242]
1315,1755,[9337581  951590 1082185  859075 1092026]
1316,1756,[1082185 1075368 1106523 1126899 1055646]
1317,1758,[1082185 1058997 1126899  854261  923746]
1318,1759,[  883404 13189726   863447  1076056  1061220]
1319,1760,[1029743  987480 1038985  983584 1004906]
1320,1761,[1068562  865026 1082185  932340 1133018]
1321,1762,[908531 983584 976199 824005 927191]
1322,1763,[1037840 1009449 1075368 1106523 1067820]
1323,1764,[1075368 1126899 1058997  908531 1028816]
1324,1765,[1082185 1118012  995785 1070820 1029743]
1325,1766,[ 866227  934676  883404 1037894 1040807]
1326,1767,[  947858  1033615  1053690  1111072 10312139]
1327,1768,[1096343  991874 1003616 7409971 7410013]
1328,1769,[1082185  972143  903325 1029743 1109778]
1329,1770,[1082185  960791 1029743  989101  995242]
1330,1773,[5569471  916122  860776 1070820 6034857]
1331,1774,[1029743 1106523 1082185  883003 1004906]
1332,1775,[1082185  853756 1126899 1058997 7410071]
1333,1776,[1082185 1068562 1029743  995242  849843]
1334,1778,[1029743  870547  826249 1083947  962229]
1335,1779,[1082185  852317  995785 1070820  862349]
1336,1780,[1106523 1133018 1082185  903325  951590]
1337,1781,[ 930118 1082185  968215 1106523  899624]
1338,1783,[1082185 1029743  892728  979707 1055646]
1339,1784,[ 1079987  1082185  1126899 10121965   916122]
1340,1785,[1082185 1126899 1029743 1058997 1133018]
1341,1787,[1029743  849843 1132770 1111839  840361]
1342,1788,[ 834484  961554 1062002 1082185  909714]
1343,1789,[12781986  1061982  1004436   883404  1082185]
1344,1790,[ 951590 1082185  997096 1022003 1050229]
1345,1791,[14106445   995242   916122  5569230   844179]
1346,1792,[1075368 1106523 1133018  861701  962229]
1347,1793,[1029743 1082185  868401 1060408 1106523]
1348,1794,[ 881249 1082185 1106523 1127831  866211]
1349,1795,[ 890536  894236 1085604 1039156  862349]
1350,1796,[1029743 1082185 1037840 1106523 1130458]
1351,1797,[1082185  943837 9245106 1083070 1015781]
1352,1798,[ 1082185  1137688 12352204   916122   999858]
1353,1800,[1082185 1058997  862349 1133018  906658]
1354,1801,[10351524   854900  1013928  9420312   995242]
1355,1802,[1082185 1041259  885290 1113274  854852]
1356,1803,[ 939860 1005637  850944 1048889 1121410]
1357,1804,[ 1029743   994928   937626   900697 12263788]
1358,1805,[ 880888  859010  921744 1082185 1110572]
1359,1806,[1082185 1029743 1126899 6602697 1055646]
1360,1807,[1058997 1126899 1055646  901062  834484]
1361,1808,[1037840  894236  995242  889511 1082185]
1362,1809,[1082185  901062  995242  961554 1092026]
1363,1810,[ 953476 1029743  976998  995785  923746]
1364,1811,[ 901976 1106523  923746 1101173  994928]
1365,1812,[ 1082185  1070015  1000488   979707 12731544]
1366,1814,[ 995785 1014948  934131 1132911 1082185]
1367,1815,[1029743 1082185  895502  995785 5569230]
1368,1816,[ 834484 1092026  866227  868764 1070820]
1369,1817,[ 866211 1082185  993466 1004390  995242]
1370,1818,[ 883404 1133018 1044078 1106523 1082185]
1371,1821,[1082185 1106523  883404  995785  923746]
1372,1822,[1048746  844165  962229 5592931  999971]
1373,1823,[1082185 1070820  999631  862349  916122]
1374,1824,[1106523  909086 1082185  962229 1038217]
1375,1826,[1029743  995242 1133018 1072523 1106523]
1376,1829,[1082185 1135044  995242 1029743 1018740]
1377,1831,[1082185 1058997 1126899 1131382  873527]
1378,1832,[1131344  976998 1082185 1048200 1058997]
1379,1833,[ 844179 1106523  825749 1082185 1126899]
1380,1835,[1044259  914190 1041259  883003 1026258]
1381,1836,[1082185 1058997 1126899 1057102 6034857]
1382,1837,[ 965842 1082185  995242  854852  957736]
1383,1838,[ 849843  995242 1133018 1082185 1106523]
1384,1839,[1106523 1101932 1070727 1133018  976214]
1385,1841,[ 999858 1038560 1039126 1082185 1004906]
1386,1843,[1029743 1082185 1038985 1022003 5569230]
1387,1844,[ 916122 1127831 1082185  995242 1037863]
1388,1845,[923746 979707 903325 976199 916122]
1389,1846,[ 981760  833025 1082185 1029743  917381]
1390,1847,[ 908283 1082185  862349 1055646 1070820]
1391,1848,[ 1082185   986912 13842088   951590  1101010]
1392,1849,[1082185  995242 1133018 1055646 1029743]
1393,1850,[1082185  834484  995242  900697  962568]
1394,1853,[1075368 1082185  932298  880888 1004436]
1395,1854,[1077975 1082185  995242  824037 1058997]
1396,1856,[1085604  879755  986912 1095275 1092948]
1397,1857,[1085604 1004555 1029743  995242 1092026]
1398,1858,[ 1082185   995785 12782182   961554  1058997]
1399,1861,[1029743  995242  883404  986912  908846]
1400,1862,[ 995242 1082185 1133018  916122 1110572]
1401,1864,[1082185  995242 1098844  965842  856345]
1402,1865,[ 1082185  1039156 12731436  1098435   894236]
1403,1867,[5569230 5569471 5569845  897954 1053690]
1404,1868,[ 846823 1103808  844165  994928 1058942]
1405,1869,[1135959  857849 1019286  890455  847270]
1406,1871,[ 824005  834484 1082185  854852 1081177]
1407,1872,[1082185  820165  995785 1038217 1027569]
1408,1873,[1106523 5569230  931671 1101010  962229]
1409,1876,[1082185 1055646  914190  840361 1068719]
1410,1877,[1029743 1133018  995242 1082185  840361]
1411,1879,[1040807 1077975  933835 1082185 1132771]
1412,1880,[ 930385 1106523  927191 1133018 1061220]
1413,1881,[ 1082185 12524174   995242   981760  5568228]
1414,1882,[1039781 1029743 1082185 1055646  914190]
1415,1883,[ 5995692  1108092 13115493   850841   885307]
1416,1884,[1055646  914190 1096036  840361 1008814]
1417,1885,[1058997  857697 1082185 1070015 1053690]
1418,1886,[ 844165  883404 1092026  949023 1106523]
1419,1887,[1095275  862349 1126899 1058997  908531]
1420,1889,[ 995242 1029743  915349  870780 1037840]
1421,1890,[1082185  961554 1072523 9296804 1126899]
1422,1891,[1106523  995242 1133018  908531 1082185]
1423,1892,[ 851819 1021116 1093413  844165 1138443]
1424,1895,[1044078  879734 1133018 5569471 5585510]
1425,1896,[1075368 1037840 1082185 1029743 1101010]
1426,1898,[1082185  957232  995242  911812  981760]
1427,1899,[1040807 1060872  879504  819255  931671]
1428,1900,[1082185 1087102 1084613 1018740 1116376]
1429,1901,[1043766 1013928  913270 7431990 1033615]
1430,1903,[1106523  965530  883404 1082185 1124695]
1431,1904,[ 883404 1123842  994928 1058997  921504]
1432,1906,[ 995242 1082185  832001 1046756 1114653]
1433,1907,[ 923746  995785  844179  833025 1133018]
1434,1909,[ 994928 1082185 1055646  914190  883404]
1435,1911,[ 1058997   995242 13115579   862349  1070820]
1436,1912,[1106523  964327 1082185  883404 1029743]
1437,1914,[9526770  892573  894439 1082185 1043787]
1438,1916,[ 907128 1133018 1106523  883404 6979427]
1439,1917,[1106523  923746 1133018  932006  824037]
1440,1918,[ 906838 1082185 1029743 1126899  995242]
1441,1919,[1106523 1065593 1026118  845193 1133018]
1442,1920,[1082185 1137688  862349  995785 1127831]
1443,1922,[1082185 1058997 1132771 1126899 1070845]
1444,1923,[1119051 1082185  903325 1018050  995785]
1445,1924,[ 931671  889649  908531 1043973  844165]
1446,1925,[1029743 1082185 1106523 1024306  989101]
1447,1926,[1037631 5587938 7410013 1119089  907014]
1448,1927,[ 969866  823990 1015785  930917  863447]
1449,1928,[1070820  862349 1085604  983584  908531]
1450,1929,[1024306 1075368  904236 1082185 5574409]
1451,1930,[1014675  882604 1128016  883404 1106523]
1452,1931,[1106523 1133018 1082185  883963  849843]
1453,1932,[1029743  995242 1082185  951590 1053690]
1454,1935,[1005637 9526770 1006573  850944 1048889]
1455,1936,[ 844179  962229 1029743 1138443 1023979]
1456,1937,[1070820  862349  999858 1100410  913210]
1457,1939,[ 833025  995242  844179  981288 1029743]
1458,1940,[1010582 1082185  969866  851508  995785]
1459,1941,[1044078  857849 1133018  883404 1050851]
1460,1942,[5569230 5569471 1106523  995242 1051323]
1461,1943,[1106523 1053763  883404  824555  951526]
1462,1944,[14106445  1082185  1029743  1106523  1070820]
1463,1945,[866292 989075 845537 883404 904023]
1464,1946,[1082185  923746 1070820  981760  862349]
1465,1947,[ 845307 1082185  933835 1040807  840361]
1466,1948,[1123792 1058997 1137688 1126899 1082185]
1467,1949,[1044078 1127831  969463 1121410 1082185]
1468,1950,[1106523 1079987 1126895  962229  921504]
1469,1951,[1082185 1086504  947146 1110142 1137885]
1470,1952,[1029743  995242  834117  914190  893018]
1471,1953,[994928 995242 904236 923746 981760]
1472,1954,[1082185 1106523 1068292  883186 1026118]
1473,1955,[1106523 1133018  982833  930955  897954]
1474,1956,[ 970866 1126899 1070820  966684 1082185]
1475,1957,[  962229 10121965  1082185  1029743  1055646]
1476,1958,[ 903325  824005  857503 1053690  963502]
1477,1959,[1082185 1055646 1029743  981760  995785]
1478,1960,[ 862349 1044078  883003 9245106  908531]
1479,1961,[ 982790 1106523  883404  849843 1126899]
1480,1962,[1082185  995242  962568  913210  976199]
1481,1963,[ 896938 1082185  995785  903325  862349]
1482,1964,[ 857055 1002771  879528  819518 1082185]
1483,1965,[9884484 1106523 9881592 5569230 1058997]
1484,1966,[5570685  944836 1019643  903325 1070820]
1485,1967,[ 860776  840361 1129822 9297017 1056509]
1486,1968,[1082185  995242  849843 1029743 1119405]
1487,1969,[1029743  995242 1043590 1022872 1044078]
1488,1970,[1106523 1029743 1043663  883404 1033615]
1489,1971,[ 1082185  1029743  1126899  1070820 10285243]
1490,1975,[ 883003  914190  849843 1092588 5569845]
1491,1976,[1082990 1106523 1019637 1065593 1133018]
1492,1978,[1082185 1126899 1029743 1059236  859075]
1493,1979,[1106523 1029743 1082185  908846 1133018]
1494,1981,[ 968936 1126899 1082185 8203851 1063577]
1495,1982,[1082185  995785  961554  824005 1071759]
1496,1983,[1046957 1029743  885290 1055646  862349]
1497,1985,[1106523 5569230  981288  823176  901062]
1498,1987,[1082185 1055646  914190  840361 1068719]
1499,1988,[1106523  923746  840361  903325  935578]
1500,1989,[ 1082185   995242   978974   999858 10284946]
1501,1990,[ 1082185  1029743  1126899 12263788   840361]
1502,1991,[1077851  848356  995242  947068  989101]
1503,1992,[1050741 1022428 1082185 8090513 1057260]
1504,1993,[ 986912  844165 1133018  951590  962229]
1505,1994,[1126899  849843 1082185  883404 1070820]
1506,1995,[ 923746  976199 9677236 1121862  999104]
1507,1996,[1058997 1029743 1126899 1070820 1075175]
1508,1997,[ 916122 1051468  903325  820560 1124674]
1509,1998,[1133018 1106523  908531 1017201  827683]
1510,1999,[ 935968  995242  995785 1068719 1029743]
1511,2000,[5569172  995242  883404  953476 1108092]
1512,2001,[ 883003 1138443  933835  951590 1126899]
1513,2003,[1054216 1058997 1082185 5569471  961554]
1514,2004,[1082185  916122  850841  999104 1135768]
1515,2005,[1043590  986912  878302 1133018  971325]
1516,2006,[1082185 1106523 5569471  995242 1133018]
1517,2007,[1082185 1106523  981760 1029743  961554]
1518,2008,[6533437 6534657  981760  885290 1106523]
1519,2010,[ 852317  978974  880150  883404 1133018]
1520,2011,[ 962522 1118479  893501  916487 1081421]
1521,2012,[ 838487  896938 1053690  882441  868645]
1522,2014,[ 995785 1133018 1082185 1055646  914190]
1523,2015,[  905436   940947  1082185 13945244   865528]
1524,2016,[1065593 1075175 1111839 1133018 1113588]
1525,2017,[ 1126899  1070820   860776   983584 14106445]
1526,2018,[1015296 1082185 1015375 1068562 1028816]
1527,2019,[ 883404 1085604 1065593 5569230  859075]
1528,2020,[ 948832  971949  830887  921836 1137688]
1529,2021,[ 989075 9835223  900491  995785  856060]
1530,2022,[1029743 1126899 1098844 1017127  971585]
1531,2023,[10344585  8090509  5569374  5568489  1037894]
1532,2025,[ 861272  867547 1126899  892314 1029743]
1533,2026,[1095700  905539  923746  916122  914190]
1534,2027,[1029743 1082185  951590  840361  849843]
1535,2028,[ 895295  995242 5569230 1045220 1062973]
1536,2029,[ 872417 1082185  892728 1135354 1072523]
1537,2030,[ 968936 1082185 1029743 1137775  862349]
1538,2031,[1044078 1133018  849843 1082185 1068719]
1539,2032,[ 883404 1058997  862349 5569230  995242]
1540,2033,[ 995242 1029743  859075  861485  912681]
1541,2034,[1082185  995785 1126899  840361  903325]
1542,2036,[  979707 14106445  1106523  1024306   878996]
1543,2037,[ 994928 1070820 1029743  979707  844165]
1544,2038,[ 849843 1029743  923746  840361 1098066]
1545,2039,[ 824555 1053763 1029743  989075  951526]
1546,2040,[1029743 1085604 1082185 1106523 1126899]
1547,2041,[ 922651 1082185 1121213  940947 1012913]
1548,2042,[1038217  952254 1098844 6034857 7168890]
1549,2043,[9245106  840361 1062966 1037337  951590]
1550,2046,[1070820 1110572  995242 1029743  990688]
1551,2047,[13842088   914577  1082185   834631   949965]
1552,2048,[1106523  981760 9835509 1133018 1075368]
1553,2049,[ 976199  992985 1029743 1004950  965982]
1554,2050,[1082185 1075786  906017 1126899 1133018]
1555,2055,[1011926 1041259  903233  990984 1133018]
1556,2056,[ 962229 1133018 1070820  870547 1029743]
1557,2057,[1070820 1082185  849843  862349 5569230]
1558,2058,[ 1082185   872137 14106445 12731436   903325]
1559,2059,[1126899  849843 1082185 1058997 5569230]
1560,2060,[ 986912 5569230 1071302 1029743  908531]
1561,2062,[ 979707 1003188 1070015 1022254  960984]
1562,2063,[1082185 1022254  923746  862349  961554]
1563,2064,[1082185  962199 1006483  844179 1029743]
1564,2065,[1029743  844179 1092026 1044078  965766]
1565,2068,[1082185 1070820  862349 1137688 1008625]
1566,2070,[13842214 13842090 12810391  1081479   986912]
1567,2071,[ 857849  933835 1037863  849843  959409]
1568,2072,[1055646  914190  840361 1068719  862349]
1569,2075,[ 949023  824555 1065593  849843 1053763]
1570,2076,[1082185 1098844 1106523  873527  981760]
1571,2077,[9297403 1106523  896613  903325 1082185]
1572,2079,[1082185  923746 1106523  871611 1029743]
1573,2080,[ 962229 1099905  982833  951590  995785]
1574,2081,[1106523 1082185  883404 1133018  981760]
1575,2082,[  970747  1055646   948650  1082185 13945244]
1576,2083,[ 1082185 13842214 13842090   896938   889649]
1577,2084,[1020156 1082185  961554 5569230  878996]
1578,2085,[ 962229 1101010  860776  844165  983584]
1579,2086,[1082185  995785 1127141  879755 1107553]
1580,2087,[5569230 1058997  976199  824005 1137688]
1581,2088,[1029743  995242 1133018  883404  840361]
1582,2089,[1126899  847789 1082185 1055646  914190]
1583,2090,[  883404   995242 12524174  1072523  1027068]
1584,2091,[1082185  903123 1055646 1068719  994928]
1585,2094,[1082185  961554  995242 1133018 1070820]
1586,2095,[ 833723 5569327  844165 7167249 1133018]
1587,2099,[1029743 1098066 1082185  995242  962229]
1588,2100,[1082185 1106523 1133018  895166 1037863]
1589,2101,[ 983584  849843  995242 1029743 1098066]
1590,2102,[1082185  962229 1055646  882604 5569230]
1591,2103,[1057260  944486  961979  958569  972312]
1592,2105,[1082185 1133018  951590  883404  978974]
1593,2108,[1029743  923746 1062966 1082185  981760]
1594,2109,[ 917742  937292 1008032  930666 1033615]
1595,2110,[1029743 1106523  860776 6034857  882247]
1596,2111,[1058997 1126899 1127716  908531 8090532]
1597,2112,[1082185  965530 1029743 1055646 1126899]
1598,2114,[1082185 1126899 9705473  894968 1112238]
1599,2115,[ 1070820 15926886  5569327  1013321  5569471]
1600,2116,[ 848029 1070820 1098844  862349  944137]
1601,2119,[1056509  866573 1131550  985427 1029743]
1602,2120,[1082185 1055646  914190  840361 1068719]
1603,2121,[1082185  995785  995242  990688  999563]
1604,2122,[1082185 1055646  914190  840361 1075524]
1605,2123,[1007195 1029743  824180  840361 5569230]
1606,2124,[1082185 6602697 1106523  834484 1029743]
1607,2125,[ 883003  995242 1029743 1082185 5568228]
1608,2126,[1082185  824005  948495 6034857 1104343]
1609,2129,[  930917  1045220 12810393   866355   925626]
1610,2130,[ 1082185  1105917   872137 13877192  1068719]
1611,2131,[ 986912  907014 1086001  948832  855325]
1612,2132,[ 990797 1133018 1082185  995242  969205]
1613,2133,[1082185  840361 1058997 1126899  995785]
1614,2134,[ 863447 1009046  916122  865705  844179]
1615,2135,[1082185  995242  948495  934639 1041259]
1616,2136,[1082185 9707498  981760  901062  860248]
1617,2137,[1029743  849843 1082185  883404 1055646]
1618,2138,[ 939546  933835  883404  893501 1053690]
1619,2139,[ 844179 7155863 1082185 1106390 7139529]
1620,2141,[ 883003  933835 1070820  951590 1082185]
1621,2142,[1029743  923169 6533362 9297474  913210]
1622,2145,[1001827 5995177 1055646 1082185 1060408]
1623,2146,[ 901460 1029743  995242 1106523 1023226]
1624,2147,[1106523  840361  927191  962568 1028816]
1625,2148,[1082185 1101010 1133018 1018740  981760]
1626,2149,[1106523 1082185  937626  923746 1133018]
1627,2151,[1133018 1114653 1082185  995242  849843]
1628,2153,[1082185 1058709  981760 1092026  995242]
1629,2154,[1106523  995242 1133018  883404 1082185]
1630,2155,[ 995242 1028816  923746  981760  866227]
1631,2156,[1029743 1082185  995242 1058997  919644]
1632,2158,[ 844179 1082185  833025  914190  883404]
1633,2159,[1082185 1133018 1106523  849843  923746]
1634,2160,[12262978  9926758  1029743   969725   834484]
1635,2161,[1126899 1082185  951176 1000908 9296919]
1636,2162,[1082185 1077373 6395907  995242  840361]
1637,2163,[ 908531  862349 5569471 8090532 1082185]
1638,2167,[1082185  844165  840361  883404  995785]
1639,2168,[1082185  995785  844179 1044078 1040693]
1640,2169,[1082185 1126899 1124729 5568378  927191]
1641,2170,[1013928  844165 1092026  863762 5573812]
1642,2171,[1111722  951590 1060269  864143 1106073]
1643,2172,[1029743  903325 1117514 1041259 1082185]
1644,2173,[  951590 13842088  1029743  1013999   844165]
1645,2174,[1040700 1082185 1058997 1111230 9879410]
1646,2175,[ 823990 1082185  995785  840361 1133018]
1647,2176,[1133018  883404  906763 5569230 1055646]
1648,2179,[ 895166  999858 1081189 1055646 1009187]
1649,2181,[ 933835 1082185  995785  959316  971922]
1650,2182,[1132231 1082185  885863 1055646  914190]
1651,2183,[1082185 1068957 1029743  995242 1135476]
1652,2184,[1070015 1010681 1022340 1106523 1029743]
1653,2185,[ 979707  863447 5566309  878996 1082185]
1654,2186,[ 944534 1075368 1101010 1106523 1044078]
1655,2188,[1106523 1082185  819978  933835 1133018]
1656,2189,[1082185 1015280  983584 6534077 5569230]
1657,2190,[ 1133018 10285144   908531   831628   962229]
1658,2193,[ 862725 9707498 1070820  862349  913210]
1659,2194,[1082185  845307  981760 1039156  840361]
1660,2195,[1082185  927191 1058997  938187  995242]
1661,2196,[1082185  995242 1027835  981760  883404]
1662,2197,[5569230 1102959 1133018  951590 1082185]
1663,2198,[13842214 13842090 13842088   844179   873044]
1664,2199,[1082185 1126899  961554 1058997 1101010]
1665,2200,[9245106  870929  866292  919534  820361]
1666,2202,[1082185  944137 1055646  914190  840361]
1667,2203,[1082185  981760 1126899  979707  894236]
1668,2204,[ 939636 1082185 1044078  981760  857849]
1669,2205,[1082185  995242 1029743  965530  860776]
1670,2206,[1029743  840361  923149  954495  857697]
1671,2207,[ 997200  986912  879755 1095587  911311]
1672,2208,[5569230  832678 1050229  883932  866528]
1673,2209,[ 1029743   981760   995242 14106445  1057315]
1674,2211,[ 844179 1082185 1106523  866548  862349]
1675,2212,[ 908213 5568964 1111839 1010440 1082185]
1676,2213,[ 995785  962568  866227  908846 1082185]
1677,2214,[1082185  844165 1055646  914190  871097]
1678,2215,[1075368 1128240 1112205 1133018  895268]
1679,2217,[1082185 1029743  903325 1133018 1058997]
1680,2221,[1082185 1058997  929726  900610  906763]
1681,2222,[1082185 5569230  987562 1029743 1136257]
1682,2223,[1085604  995242 1039156 1133018 1082185]
1683,2224,[1082185  923670 1015067 1070820 1031087]
1684,2225,[1082185  826952  943286 1126899  862349]
1685,2226,[ 935993  950098  981660 1133018 1002130]
1686,2228,[1082185 1029743 1106523 1133018  986912]
1687,2229,[1018670  862349 1058997 1057260 1051093]
1688,2231,[1082185 1041259  961554 1070820  846907]
1689,2233,[ 995785  834484 1046756  832001 1058997]
1690,2234,[1082185  915493 1137688  844179 1133018]
1691,2235,[12731436 14106445   953180  1050482   842707]
1692,2237,[1082185  995785 1058997  961554 1055646]
1693,2238,[ 856060 1029743  883404 1131550 1127758]
1694,2239,[ 995242 1029743  999971  883963  908531]
1695,2240,[1106523 1029743 5569230 1082185 1065593]
1696,2241,[ 994928 1029743  995242  914190 1122358]
1697,2243,[  995876   971922  1058214   825343 13072850]
1698,2244,[ 837107  883404  962229 1124729  846823]
1699,2245,[1044078  849843  879528 1082185 1114597]
1700,2247,[ 1042544  1106523 13003092  1133018  1065593]
1701,2248,[1020404  951590  949965  930917  976214]
1702,2250,[ 951590 5569471 1082185  849843  957063]
1703,2252,[1058997  927191 1092026 1103808  987562]
1704,2253,[1133018 1029743 1082185  883404 1060408]
1705,2256,[1051211  840361 1082185 1055646  963727]
1706,2257,[1104349 9420312 1116376 1106523  925862]
1707,2258,[ 947146 1070845 1095040 1126899 1029743]
1708,2259,[1033615 1082185  929433 1055646  914190]
1709,2260,[ 1082185 10285187 10285149   935200  1029743]
1710,2261,[1106523 1025581  883186  990797  963686]
1711,2262,[1122358 1082185 1019247  893018 1118533]
1712,2263,[ 849843 1033142  976199  979707 5592931]
1713,2264,[1058997 1126899 9835509 9245312  903325]
1714,2266,[1082185 6602697  844179  880427  967476]
1715,2267,[1126899 1000908 1058997  913210  849843]
1716,2269,[1082185  844179 5569230  916122  951590]
1717,2270,[ 962229  939636  909894 1034290  851468]
1718,2271,[ 995242 1082185 1037863  908531  914190]
1719,2272,[ 883932 1064441 1082185  840227 1035836]
1720,2273,[  998373 12524174   895540  1082185  6979089]
1721,2274,[1082185 1029743  986912  947858  923746]
1722,2275,[1029743  995242 1044078 1082185 1077703]
1723,2276,[ 826658 1082185 1029743  849843  859075]
1724,2277,[1106523 1053690 1133018  869577  908531]
1725,2278,[1082185 1070820  862349 1058997 1055646]
1726,2279,[ 844165 1121360  998556 8090537  868764]
1727,2280,[ 819978 1070702 1070820  972665 1082990]
1728,2281,[1082185 1080853 1046756 9547021 1058997]
1729,2282,[1082185  995785 1028816 1041259  833724]
1730,2283,[1082185  883404 1013597 1070820 1106523]
1731,2284,[1126899 1070820 1044259 1009187  901776]
1732,2285,[1134633 1055853 1082185  899446 9419443]
1733,2287,[ 995242 1058997  952254 1029743 1027168]
1734,2288,[5568228 1082185  883404 1058997  986912]
1735,2289,[1029743  995242 1080414 1082185  883404]
1736,2290,[1029743 1082185  908531  981760  987480]
1737,2291,[1111839 1138189  986912  953134  938203]
1738,2292,[1039156  995242  955043  882441  916767]
1739,2293,[1126899 1070820  834484 1041157 1110793]
1740,2294,[  927191 14043817 14050460 14043823  1118533]
1741,2295,[ 819255 1019142  947865  937571 5590613]
1742,2296,[ 913210 1101010 1070015 1069522  882830]
1743,2297,[ 1041259  1082185  1127758 12731544   849843]
1744,2298,[1082185  844179  966348  956609  995242]
1745,2299,[1082185 1114597  995785  916122  907014]
1746,2300,[ 1082185  1029743  1055646 12810422   995242]
1747,2301,[1029743 1082185  995242 5569230  911812]
1748,2302,[1029743  834484  962568  995242 1038217]
1749,2303,[1029743 1082185 1138443 1133018  995242]
1750,2305,[1082185 1029743 1127141  836171  995242]
1751,2307,[1082185  995242 1070845  827656  883003]
1752,2308,[1029743 1055646  914190  840361 1082185]
1753,2310,[1077975  844165  995242 6979089  951590]
1754,2312,[ 1082185 13071902   872137  1070820   862349]
1755,2314,[1082185  908346  997506 1093359 1059891]
1756,2315,[1082185 1055646  914190  840361 1068719]
1757,2317,[1040807  819978 1028816 1061394 1024306]
1758,2319,[1022003 1065593 1082185 1029743  883404]
1759,2322,[1127831 1135476 1096643 1044259  908846]
1760,2323,[1082185 1076875  995242  990797 1055646]
1761,2324,[1082185  967760 1012913 1044724 1029743]
1762,2325,[1082185 1055646  914190  840361 1068719]
1763,2328,[1082185 1082990 1106523 1127831 1029743]
1764,2330,[1082185 1106523  885290 1029743  961554]
1765,2331,[856252 833025 847573 862010 925364]
1766,2333,[ 862349  859237  908531 1044895  909349]
1767,2334,[  892573  1065593 13115493 13115548 13115903]
1768,2335,[1103808  935284  838602 1083721  995242]
1769,2336,[ 1053690  5569230 10285144   834484   909396]
1770,2337,[ 847270  820165 1117514 1085604 1097398]
1771,2338,[1106523 1082185 1058997  995785  981760]
1772,2339,[1082185 1055646  914190 1106523  840361]
1773,2340,[5585635 1106523 5587502 5588666 5584027]
1774,2341,[1106523 1133018 1065593  833025 1093013]
1775,2342,[ 1029743 12810391   995242  1082185  7166865]
1776,2343,[  856060 10285144  1092948  1082185   883003]
1777,2344,[1075827  833351 1133018  885307  999318]
1778,2345,[1029743 1106523 1065593 1053763 5569230]
1779,2347,[1082185 1029743 5569230 1133018 1101173]
1780,2349,[1029743  994928 5587938  902167  991435]
1781,2350,[1082185  995242  883404  995785  899624]
1782,2351,[9835509 1089392  845208 1119051  987562]
1783,2352,[1139471 1133018  995242 1082185  969687]
1784,2354,[1082185  897954  913210  953476  995785]
1785,2359,[1082185 1106523  990797 1044078 1133018]
1786,2360,[1029743  889649 1065593  961554  824005]
1787,2361,[12811532   823704  1126899   862335   840227]
1788,2363,[ 944137 6602697 1029743 1033142  995242]
1789,2364,[ 916122 1055646 1068719  914190 1082185]
1790,2366,[ 995242  883404  908531 1066069  822965]
1791,2368,[1126899 1029743  995242  834484  857503]
1792,2369,[1128812 1029743 1082185  951590 1106523]
1793,2370,[981760 923746 837107 916122 847573]
1794,2372,[1082185  982469  857849  927191  981760]
1795,2373,[1133018 1082185 1055646  914190  840361]
1796,2374,[1082185 1070820 1048462  923746  914190]
1797,2375,[ 1133018  1068562  1082185   986021 10285144]
1798,2376,[10285187 10285149  1069268   935200  1033846]
1799,2377,[ 995242 1055646 1082185 1096036 1058997]
1800,2378,[1029743  916122  995785  883404  995242]
1801,2379,[1137688  854405 1033220  930603  903325]
1802,2380,[ 960791 1082185  956902  819518  995242]
1803,2381,[1065593  916122  890695 1011645 1044078]
1804,2385,[1029743 1133018 1106523  939636 1065593]
1805,2386,[1009187 1029743 1050851  883404 1106523]
1806,2387,[ 940947  848029 1126899 1058997  885290]
1807,2388,[ 984491 1050915  928555 1133926  890455]
1808,2389,[ 937292  994928  995242 1082185  995785]
1809,2392,[ 995785 1053763 1036432  883404 1050131]
1810,2393,[1082185  863447 1094924  903325  995242]
1811,2394,[ 903567 1096317 1082185 1055646  923746]
1812,2395,[ 923746  965963 1082185 1029743 9420312]
1813,2397,[ 883932 1082185  911812  914190  844165]
1814,2399,[1085604  840601 1106523 1082185  883404]
1815,2400,[ 838186 5569845 6534480 1014948  909894]
1816,2401,[1082185 1106523  848029 6979518  825343]
1817,2404,[1082185 1055646  914190  840361 1068719]
1818,2405,[6602697 1082185 1029743  972143  824005]
1819,2406,[1082185  824005 1126899 1058997  857849]
1820,2407,[995242 976199 908531 967476 995785]
1821,2408,[1000753 1029743  908318 1138443  962229]
1822,2410,[1037840 1082185 1048462 1106523 1029743]
1823,2412,[ 9836106  1101010  8290587 12301839   938566]
1824,2416,[1139782 1126899 1058997 1082185  995242]
1825,2418,[1029743 1082185  922318  948756  844023]
1826,2420,[ 951590 9835223 1068719 1029743 1106523]
1827,2421,[1138443  883003  903325  851468 1040807]
1828,2424,[1137483  914190  962229  970792 1043563]
1829,2425,[1029743 1082185 7167853  929751  995242]
1830,2426,[1058404 1029743 1009449  995242  958208]
1831,2427,[1135460  897953 1058997  869868 1068957]
1832,2429,[1029743 1082185  995242 1044078  961554]
1833,2431,[ 849843  999971 1082185 5591627 1133018]
1834,2434,[1131344 1033615 1096036 1133018 1106523]
1835,2435,[1029743  899624  995242  878996  866211]
1836,2437,[ 862010 7025326 7025250 1054567  920724]
1837,2438,[1107553 1058997  919766  861272 1092026]
1838,2439,[1082185 1106523 1058997  835243 1070820]
1839,2440,[1133018 1070015 1106523  923746  981760]
1840,2441,[1082185  995242 1029743  867188  885023]
1841,2442,[ 849843 5569230 1058997  868764 1126899]
1842,2445,[1126420 1037635 1080566  889319  943459]
1843,2446,[ 833025  962229  867188 1087102  995785]
1844,2447,[9705473  883186 1082185  908318  944137]
1845,2448,[1082185 1106523 1054402 1133018  981760]
1846,2449,[1058997 1126899 1098844 1115098  979707]
1847,2450,[ 976199 1082185  909086 1102949 1121384]
1848,2451,[1126899 1058997  834484  903325 1070820]
1849,2452,[ 844165  883404  949023 5568378  845193]
1850,2453,[1082185 1070820  976199 1095275 1136719]
1851,2455,[1029743  844179  983795 1106523 9245106]
1852,2456,[1133018 1058997  995242  862349 1055646]
1853,2457,[1106523 1133018  877935  995242  849843]
1854,2458,[ 965842  821562  863506 1058997  970030]
1855,2459,[9526628  918638  927191  889511  889779]
1856,2460,[1082990  878715 1065538 5569230 5569471]
1857,2461,[1091520  854405  907014  908846 1098844]
1858,2462,[ 834932 1082185  916122  834484 8293343]
1859,2464,[ 914577 1070820 1055646  914190 1082185]
1860,2465,[ 856252  986912 1037863  993379 1069003]
1861,2466,[ 824555 1029743  847270 1118598  859075]
1862,2467,[ 1126899  1058997   908531 13842214  1036501]
1863,2470,[821083 959076 995242 948420 979707]
1864,2471,[  923746  1095700  1058997 13842090 13008321]
1865,2472,[ 930118  970030 1068292 1029743  970792]
1866,2475,[1082185 1070845  905436  995785 1070820]
1867,2477,[1098844 1058997 1126899  916122  844165]
1868,2478,[10285187  1082185 10285149  1133018   883404]
1869,2479,[1070272  910032 1003188  852864 1070015]
1870,2481,[1082185 1029743 1106523 1017369 9297403]
1871,2482,[1106523 1029743  945779  883404  999971]
1872,2483,[1082185  995242  862349  846241  849843]
1873,2484,[883404 849843 896613 899624 913210]
1874,2485,[ 825618  951703 1083446  871433  951102]
1875,2486,[1022003 9245106  911812 1050229 1058686]
1876,2488,[  972665 15831255   977854   891961   986187]
1877,2489,[9338009  946977 1071333 1035386  841309]
1878,2492,[ 883003 1106523 1128812 1065593 1070272]
1879,2494,[1082185  969568  862349 1004906  840361]
1880,2496,[ 916122 1082185 1106523  995785 5569230]
1881,2497,[1029743  995785  838487  967476 1070820]
1882,2498,[ 901776 1082185 1106523 1029743 1126899]
1883,2499,[1060872 1106091  833458  951590 5568378]
1884,2500,[1082185 1006414  852182 1058997  995242]
